Cohort Month,Cohort Index,Active Merchants
Apr-19,1,4
Apr-19,2,3
Apr-19,3,1
Apr-19,4,0
Apr-19,5,1
Apr-19,6,0
Apr-19,7,0
Apr-19,8,0
Apr-19,9,0
Apr-19,10,0
Apr-19,11,0
Apr-19,12,0
Apr-19,13,0
Apr-19,14,0
Apr-19,15,0
Apr-19,16,0
Apr-19,17,0
Apr-19,18,0
Apr-19,19,0
Apr-19,20,0
Apr-19,21,0
Apr-19,22,0
Apr-19,23,0
Apr-19,24,0
Apr-19,25,0
Apr-19,26,0
Apr-19,28,0
Apr-19,29,0
Apr-19,30,0
Apr-19,31,0
Apr-19,32,0
Apr-19,35,0
Apr-19,37,0
Apr-19,41,0
Apr-19,42,0
Apr-19,43,0
Apr-19,44,0
Apr-19,46,0
Apr-19,47,0
Apr-19,48,0
Apr-19,49,0
Apr-19,51,0
Apr-19,52,0
Apr-19,53,0
Apr-19,54,0
Apr-19,55,0
May-19,1,17
May-19,2,9
May-19,3,7
May-19,4,7
May-19,5,4
May-19,6,5
May-19,7,5
May-19,8,3
May-19,9,5
May-19,10,4
May-19,11,2
May-19,12,4
May-19,13,2
May-19,14,1
May-19,15,1
May-19,16,1
May-19,17,1
May-19,18,1
May-19,19,1
May-19,20,0
May-19,21,0
May-19,22,0
May-19,23,0
May-19,24,0
May-19,25,0
May-19,26,0
May-19,28,0
May-19,29,0
May-19,30,0
May-19,31,0
May-19,32,0
May-19,35,0
May-19,37,0
May-19,41,0
May-19,42,0
May-19,43,0
May-19,44,0
May-19,46,0
May-19,47,0
May-19,48,0
May-19,49,0
May-19,51,0
May-19,52,0
May-19,53,0
May-19,54,2
May-19,55,1
Jun-19,1,16
Jun-19,2,11
Jun-19,3,8
Jun-19,4,6
Jun-19,5,2
Jun-19,6,2
Jun-19,7,2
Jun-19,8,2
Jun-19,9,2
Jun-19,10,2
Jun-19,11,2
Jun-19,12,2
Jun-19,13,2
Jun-19,14,1
Jun-19,15,1
Jun-19,16,1
Jun-19,17,1
Jun-19,18,1
Jun-19,19,1
Jun-19,20,0
Jun-19,21,0
Jun-19,22,0
Jun-19,23,0
Jun-19,24,0
Jun-19,25,0
Jun-19,26,0
Jun-19,28,0
Jun-19,29,0
Jun-19,30,0
Jun-19,31,0
Jun-19,32,0
Jun-19,35,0
Jun-19,37,0
Jun-19,41,0
Jun-19,42,0
Jun-19,43,0
Jun-19,44,0
Jun-19,46,0
Jun-19,47,0
Jun-19,48,0
Jun-19,49,0
Jun-19,51,0
Jun-19,52,0
Jun-19,53,0
Jun-19,54,0
Jun-19,55,0
Jul-19,1,14
Jul-19,2,7
Jul-19,3,7
Jul-19,4,6
Jul-19,5,2
Jul-19,6,3
Jul-19,7,1
Jul-19,8,1
Jul-19,9,2
Jul-19,10,1
Jul-19,11,1
Jul-19,12,2
Jul-19,13,0
Jul-19,14,1
Jul-19,15,0
Jul-19,16,0
Jul-19,17,0
Jul-19,18,0
Jul-19,19,0
Jul-19,20,0
Jul-19,21,0
Jul-19,22,0
Jul-19,23,0
Jul-19,24,0
Jul-19,25,0
Jul-19,26,0
Jul-19,28,0
Jul-19,29,0
Jul-19,30,0
Jul-19,31,0
Jul-19,32,0
Jul-19,35,0
Jul-19,37,0
Jul-19,41,0
Jul-19,42,0
Jul-19,43,0
Jul-19,44,0
Jul-19,46,0
Jul-19,47,0
Jul-19,48,0
Jul-19,49,0
Jul-19,51,0
Jul-19,52,1
Jul-19,53,1
Jul-19,54,0
Jul-19,55,0
Aug-19,1,20
Aug-19,2,7
Aug-19,3,5
Aug-19,4,5
Aug-19,5,2
Aug-19,6,3
Aug-19,7,2
Aug-19,8,0
Aug-19,9,1
Aug-19,10,0
Aug-19,11,1
Aug-19,12,0
Aug-19,13,0
Aug-19,14,0
Aug-19,15,0
Aug-19,16,0
Aug-19,17,0
Aug-19,18,0
Aug-19,19,0
Aug-19,20,0
Aug-19,21,0
Aug-19,22,0
Aug-19,23,0
Aug-19,24,0
Aug-19,25,0
Aug-19,26,0
Aug-19,28,0
Aug-19,29,0
Aug-19,30,0
Aug-19,31,0
Aug-19,32,0
Aug-19,35,0
Aug-19,37,0
Aug-19,41,0
Aug-19,42,0
Aug-19,43,0
Aug-19,44,0
Aug-19,46,0
Aug-19,47,0
Aug-19,48,0
Aug-19,49,0
Aug-19,51,2
Aug-19,52,2
Aug-19,53,0
Aug-19,54,0
Aug-19,55,0
Sep-19,1,22
Sep-19,2,10
Sep-19,3,4
Sep-19,4,4
Sep-19,5,2
Sep-19,6,2
Sep-19,7,2
Sep-19,8,1
Sep-19,9,2
Sep-19,10,2
Sep-19,11,1
Sep-19,12,2
Sep-19,13,2
Sep-19,14,1
Sep-19,15,1
Sep-19,16,1
Sep-19,17,1
Sep-19,18,1
Sep-19,19,1
Sep-19,20,0
Sep-19,21,0
Sep-19,22,0
Sep-19,23,0
Sep-19,24,0
Sep-19,25,0
Sep-19,26,0
Sep-19,28,0
Sep-19,29,0
Sep-19,30,0
Sep-19,31,0
Sep-19,32,0
Sep-19,35,0
Sep-19,37,0
Sep-19,41,0
Sep-19,42,0
Sep-19,43,0
Sep-19,44,0
Sep-19,46,0
Sep-19,47,0
Sep-19,48,0
Sep-19,49,0
Sep-19,51,0
Sep-19,52,0
Sep-19,53,0
Sep-19,54,0
Sep-19,55,0
Oct-19,1,19
Oct-19,2,7
Oct-19,3,6
Oct-19,4,6
Oct-19,5,4
Oct-19,6,4
Oct-19,7,4
Oct-19,8,3
Oct-19,9,4
Oct-19,10,4
Oct-19,11,3
Oct-19,12,3
Oct-19,13,2
Oct-19,14,0
Oct-19,15,0
Oct-19,16,0
Oct-19,17,0
Oct-19,18,0
Oct-19,19,0
Oct-19,20,0
Oct-19,21,0
Oct-19,22,0
Oct-19,23,0
Oct-19,24,0
Oct-19,25,0
Oct-19,26,0
Oct-19,28,0
Oct-19,29,0
Oct-19,30,0
Oct-19,31,0
Oct-19,32,0
Oct-19,35,0
Oct-19,37,0
Oct-19,41,0
Oct-19,42,0
Oct-19,43,0
Oct-19,44,0
Oct-19,46,0
Oct-19,47,0
Oct-19,48,0
Oct-19,49,0
Oct-19,51,0
Oct-19,52,0
Oct-19,53,0
Oct-19,54,0
Oct-19,55,0
Nov-19,1,10
Nov-19,2,5
Nov-19,3,4
Nov-19,4,2
Nov-19,5,2
Nov-19,6,2
Nov-19,7,2
Nov-19,8,1
Nov-19,9,1
Nov-19,10,1
Nov-19,11,0
Nov-19,12,0
Nov-19,13,0
Nov-19,14,0
Nov-19,15,0
Nov-19,16,0
Nov-19,17,0
Nov-19,18,0
Nov-19,19,0
Nov-19,20,0
Nov-19,21,0
Nov-19,22,0
Nov-19,23,0
Nov-19,24,0
Nov-19,25,0
Nov-19,26,0
Nov-19,28,0
Nov-19,29,0
Nov-19,30,0
Nov-19,31,0
Nov-19,32,0
Nov-19,35,0
Nov-19,37,0
Nov-19,41,0
Nov-19,42,0
Nov-19,43,0
Nov-19,44,0
Nov-19,46,0
Nov-19,47,0
Nov-19,48,1
Nov-19,49,1
Nov-19,51,0
Nov-19,52,0
Nov-19,53,0
Nov-19,54,0
Nov-19,55,0
Dec-19,1,11
Dec-19,2,7
Dec-19,3,6
Dec-19,4,6
Dec-19,5,6
Dec-19,6,4
Dec-19,7,4
Dec-19,8,4
Dec-19,9,3
Dec-19,10,1
Dec-19,11,0
Dec-19,12,0
Dec-19,13,0
Dec-19,14,0
Dec-19,15,0
Dec-19,16,0
Dec-19,17,0
Dec-19,18,0
Dec-19,19,0
Dec-19,20,0
Dec-19,21,0
Dec-19,22,0
Dec-19,23,0
Dec-19,24,0
Dec-19,25,0
Dec-19,26,0
Dec-19,28,0
Dec-19,29,0
Dec-19,30,0
Dec-19,31,0
Dec-19,32,0
Dec-19,35,0
Dec-19,37,0
Dec-19,41,0
Dec-19,42,0
Dec-19,43,0
Dec-19,44,0
Dec-19,46,0
Dec-19,47,3
Dec-19,48,1
Dec-19,49,0
Dec-19,51,0
Dec-19,52,0
Dec-19,53,0
Dec-19,54,0
Dec-19,55,0
Jan-20,1,15
Jan-20,2,5
Jan-20,3,3
Jan-20,4,3
Jan-20,5,1
Jan-20,6,1
Jan-20,7,1
Jan-20,8,1
Jan-20,9,1
Jan-20,10,0
Jan-20,11,0
Jan-20,12,0
Jan-20,13,0
Jan-20,14,0
Jan-20,15,0
Jan-20,16,0
Jan-20,17,0
Jan-20,18,0
Jan-20,19,0
Jan-20,20,0
Jan-20,21,0
Jan-20,22,0
Jan-20,23,0
Jan-20,24,0
Jan-20,25,0
Jan-20,26,0
Jan-20,28,0
Jan-20,29,0
Jan-20,30,0
Jan-20,31,0
Jan-20,32,0
Jan-20,35,0
Jan-20,37,0
Jan-20,41,0
Jan-20,42,0
Jan-20,43,0
Jan-20,44,0
Jan-20,46,1
Jan-20,47,0
Jan-20,48,0
Jan-20,49,0
Jan-20,51,0
Jan-20,52,0
Jan-20,53,0
Jan-20,54,0
Jan-20,55,0
Feb-20,1,16
Feb-20,2,6
Feb-20,3,3
Feb-20,4,3
Feb-20,5,0
Feb-20,6,0
Feb-20,7,0
Feb-20,8,0
Feb-20,9,0
Feb-20,10,0
Feb-20,11,0
Feb-20,12,0
Feb-20,13,0
Feb-20,14,0
Feb-20,15,0
Feb-20,16,0
Feb-20,17,0
Feb-20,18,0
Feb-20,19,0
Feb-20,20,0
Feb-20,21,0
Feb-20,22,0
Feb-20,23,0
Feb-20,24,0
Feb-20,25,0
Feb-20,26,0
Feb-20,28,0
Feb-20,29,0
Feb-20,30,0
Feb-20,31,0
Feb-20,32,0
Feb-20,35,0
Feb-20,37,0
Feb-20,41,0
Feb-20,42,0
Feb-20,43,0
Feb-20,44,0
Feb-20,46,0
Feb-20,47,0
Feb-20,48,0
Feb-20,49,0
Feb-20,51,0
Feb-20,52,0
Feb-20,53,0
Feb-20,54,0
Feb-20,55,0
Mar-20,1,14
Mar-20,2,8
Mar-20,3,5
Mar-20,4,4
Mar-20,5,3
Mar-20,6,2
Mar-20,7,1
Mar-20,8,2
Mar-20,9,1
Mar-20,10,2
Mar-20,11,2
Mar-20,12,0
Mar-20,13,1
Mar-20,14,0
Mar-20,15,0
Mar-20,16,0
Mar-20,17,0
Mar-20,18,0
Mar-20,19,0
Mar-20,20,0
Mar-20,21,0
Mar-20,22,0
Mar-20,23,0
Mar-20,24,0
Mar-20,25,0
Mar-20,26,0
Mar-20,28,0
Mar-20,29,0
Mar-20,30,0
Mar-20,31,0
Mar-20,32,0
Mar-20,35,0
Mar-20,37,0
Mar-20,41,0
Mar-20,42,0
Mar-20,43,0
Mar-20,44,0
Mar-20,46,0
Mar-20,47,0
Mar-20,48,0
Mar-20,49,0
Mar-20,51,0
Mar-20,52,0
Mar-20,53,0
Mar-20,54,0
Mar-20,55,0
Apr-20,1,10
Apr-20,2,6
Apr-20,3,3
Apr-20,4,3
Apr-20,5,1
Apr-20,6,0
Apr-20,7,0
Apr-20,8,0
Apr-20,9,0
Apr-20,10,0
Apr-20,11,0
Apr-20,12,0
Apr-20,13,0
Apr-20,14,0
Apr-20,15,0
Apr-20,16,0
Apr-20,17,0
Apr-20,18,0
Apr-20,19,0
Apr-20,20,0
Apr-20,21,0
Apr-20,22,0
Apr-20,23,0
Apr-20,24,0
Apr-20,25,0
Apr-20,26,0
Apr-20,28,0
Apr-20,29,0
Apr-20,30,0
Apr-20,31,0
Apr-20,32,0
Apr-20,35,0
Apr-20,37,0
Apr-20,41,0
Apr-20,42,0
Apr-20,43,0
Apr-20,44,0
Apr-20,46,0
Apr-20,47,0
Apr-20,48,0
Apr-20,49,0
Apr-20,51,0
Apr-20,52,0
Apr-20,53,0
Apr-20,54,0
Apr-20,55,0
May-20,1,13
May-20,2,5
May-20,3,5
May-20,4,4
May-20,5,3
May-20,6,3
May-20,7,2
May-20,8,2
May-20,9,0
May-20,10,1
May-20,11,1
May-20,12,1
May-20,13,1
May-20,14,0
May-20,15,0
May-20,16,0
May-20,17,0
May-20,18,0
May-20,19,0
May-20,20,0
May-20,21,0
May-20,22,0
May-20,23,0
May-20,24,0
May-20,25,0
May-20,26,0
May-20,28,0
May-20,29,0
May-20,30,0
May-20,31,0
May-20,32,0
May-20,35,0
May-20,37,0
May-20,41,0
May-20,42,2
May-20,43,2
May-20,44,2
May-20,46,0
May-20,47,0
May-20,48,0
May-20,49,0
May-20,51,0
May-20,52,0
May-20,53,0
May-20,54,0
May-20,55,0
Jun-20,1,19
Jun-20,2,6
Jun-20,3,5
Jun-20,4,3
Jun-20,5,2
Jun-20,6,2
Jun-20,7,2
Jun-20,8,2
Jun-20,9,2
Jun-20,10,2
Jun-20,11,1
Jun-20,12,0
Jun-20,13,0
Jun-20,14,0
Jun-20,15,0
Jun-20,16,0
Jun-20,17,0
Jun-20,18,0
Jun-20,19,0
Jun-20,20,0
Jun-20,21,0
Jun-20,22,0
Jun-20,23,0
Jun-20,24,0
Jun-20,25,0
Jun-20,26,0
Jun-20,28,0
Jun-20,29,0
Jun-20,30,0
Jun-20,31,0
Jun-20,32,0
Jun-20,35,0
Jun-20,37,0
Jun-20,41,1
Jun-20,42,1
Jun-20,43,1
Jun-20,44,0
Jun-20,46,0
Jun-20,47,0
Jun-20,48,0
Jun-20,49,0
Jun-20,51,0
Jun-20,52,0
Jun-20,53,0
Jun-20,54,0
Jun-20,55,0
Jul-20,1,23
Jul-20,2,13
Jul-20,3,7
Jul-20,4,7
Jul-20,5,4
Jul-20,6,3
Jul-20,7,3
Jul-20,8,3
Jul-20,9,3
Jul-20,10,3
Jul-20,11,1
Jul-20,12,1
Jul-20,13,1
Jul-20,14,0
Jul-20,15,0
Jul-20,16,0
Jul-20,17,0
Jul-20,18,0
Jul-20,19,0
Jul-20,20,0
Jul-20,21,0
Jul-20,22,0
Jul-20,23,0
Jul-20,24,0
Jul-20,25,0
Jul-20,26,0
Jul-20,28,0
Jul-20,29,0
Jul-20,30,0
Jul-20,31,0
Jul-20,32,0
Jul-20,35,0
Jul-20,37,0
Jul-20,41,0
Jul-20,42,0
Jul-20,43,0
Jul-20,44,0
Jul-20,46,0
Jul-20,47,0
Jul-20,48,0
Jul-20,49,0
Jul-20,51,0
Jul-20,52,0
Jul-20,53,0
Jul-20,54,0
Jul-20,55,0
Aug-20,1,18
Aug-20,2,5
Aug-20,3,4
Aug-20,4,3
Aug-20,5,0
Aug-20,6,1
Aug-20,7,0
Aug-20,8,0
Aug-20,9,0
Aug-20,10,0
Aug-20,11,0
Aug-20,12,0
Aug-20,13,0
Aug-20,14,0
Aug-20,15,0
Aug-20,16,0
Aug-20,17,0
Aug-20,18,0
Aug-20,19,0
Aug-20,20,0
Aug-20,21,0
Aug-20,22,0
Aug-20,23,0
Aug-20,24,0
Aug-20,25,0
Aug-20,26,0
Aug-20,28,0
Aug-20,29,0
Aug-20,30,0
Aug-20,31,0
Aug-20,32,0
Aug-20,35,0
Aug-20,37,0
Aug-20,41,0
Aug-20,42,0
Aug-20,43,0
Aug-20,44,0
Aug-20,46,0
Aug-20,47,0
Aug-20,48,0
Aug-20,49,0
Aug-20,51,0
Aug-20,52,0
Aug-20,53,0
Aug-20,54,0
Aug-20,55,0
Sep-20,1,18
Sep-20,2,9
Sep-20,3,1
Sep-20,4,2
Sep-20,5,1
Sep-20,6,0
Sep-20,7,1
Sep-20,8,1
Sep-20,9,1
Sep-20,10,1
Sep-20,11,1
Sep-20,12,1
Sep-20,13,1
Sep-20,14,0
Sep-20,15,0
Sep-20,16,0
Sep-20,17,0
Sep-20,18,0
Sep-20,19,0
Sep-20,20,0
Sep-20,21,0
Sep-20,22,0
Sep-20,23,0
Sep-20,24,0
Sep-20,25,0
Sep-20,26,0
Sep-20,28,0
Sep-20,29,0
Sep-20,30,0
Sep-20,31,0
Sep-20,32,0
Sep-20,35,0
Sep-20,37,0
Sep-20,41,0
Sep-20,42,0
Sep-20,43,0
Sep-20,44,0
Sep-20,46,0
Sep-20,47,0
Sep-20,48,0
Sep-20,49,0
Sep-20,51,0
Sep-20,52,0
Sep-20,53,0
Sep-20,54,0
Sep-20,55,0
Oct-20,1,16
Oct-20,2,7
Oct-20,3,6
Oct-20,4,5
Oct-20,5,4
Oct-20,6,3
Oct-20,7,3
Oct-20,8,2
Oct-20,9,2
Oct-20,10,1
Oct-20,11,1
Oct-20,12,1
Oct-20,13,1
Oct-20,14,1
Oct-20,15,0
Oct-20,16,0
Oct-20,17,0
Oct-20,18,0
Oct-20,19,0
Oct-20,20,0
Oct-20,21,0
Oct-20,22,0
Oct-20,23,0
Oct-20,24,0
Oct-20,25,0
Oct-20,26,0
Oct-20,28,0
Oct-20,29,0
Oct-20,30,0
Oct-20,31,0
Oct-20,32,0
Oct-20,35,0
Oct-20,37,1
Oct-20,41,0
Oct-20,42,0
Oct-20,43,0
Oct-20,44,0
Oct-20,46,0
Oct-20,47,0
Oct-20,48,0
Oct-20,49,0
Oct-20,51,0
Oct-20,52,0
Oct-20,53,0
Oct-20,54,0
Oct-20,55,0
Nov-20,1,14
Nov-20,2,6
Nov-20,3,3
Nov-20,4,1
Nov-20,5,2
Nov-20,6,2
Nov-20,7,1
Nov-20,8,0
Nov-20,9,1
Nov-20,10,1
Nov-20,11,1
Nov-20,12,1
Nov-20,13,1
Nov-20,14,1
Nov-20,15,0
Nov-20,16,0
Nov-20,17,0
Nov-20,18,0
Nov-20,19,0
Nov-20,20,0
Nov-20,21,0
Nov-20,22,0
Nov-20,23,0
Nov-20,24,0
Nov-20,25,0
Nov-20,26,0
Nov-20,28,0
Nov-20,29,0
Nov-20,30,0
Nov-20,31,0
Nov-20,32,0
Nov-20,35,0
Nov-20,37,0
Nov-20,41,0
Nov-20,42,0
Nov-20,43,0
Nov-20,44,0
Nov-20,46,0
Nov-20,47,0
Nov-20,48,0
Nov-20,49,0
Nov-20,51,0
Nov-20,52,0
Nov-20,53,0
Nov-20,54,0
Nov-20,55,0
Dec-20,1,20
Dec-20,2,9
Dec-20,3,4
Dec-20,4,6
Dec-20,5,4
Dec-20,6,5
Dec-20,7,2
Dec-20,8,2
Dec-20,9,3
Dec-20,10,1
Dec-20,11,3
Dec-20,12,3
Dec-20,13,1
Dec-20,14,1
Dec-20,15,0
Dec-20,16,0
Dec-20,17,0
Dec-20,18,0
Dec-20,19,0
Dec-20,20,0
Dec-20,21,0
Dec-20,22,0
Dec-20,23,0
Dec-20,24,0
Dec-20,25,0
Dec-20,26,0
Dec-20,28,0
Dec-20,29,0
Dec-20,30,0
Dec-20,31,0
Dec-20,32,0
Dec-20,35,1
Dec-20,37,0
Dec-20,41,0
Dec-20,42,0
Dec-20,43,0
Dec-20,44,0
Dec-20,46,0
Dec-20,47,0
Dec-20,48,0
Dec-20,49,0
Dec-20,51,0
Dec-20,52,0
Dec-20,53,0
Dec-20,54,0
Dec-20,55,0
Jan-21,1,14
Jan-21,2,7
Jan-21,3,3
Jan-21,4,3
Jan-21,5,3
Jan-21,6,1
Jan-21,7,1
Jan-21,8,2
Jan-21,9,2
Jan-21,10,2
Jan-21,11,1
Jan-21,12,1
Jan-21,13,1
Jan-21,14,0
Jan-21,15,0
Jan-21,16,0
Jan-21,17,0
Jan-21,18,0
Jan-21,19,0
Jan-21,20,0
Jan-21,21,0
Jan-21,22,0
Jan-21,23,0
Jan-21,24,0
Jan-21,25,0
Jan-21,26,0
Jan-21,28,0
Jan-21,29,0
Jan-21,30,0
Jan-21,31,0
Jan-21,32,0
Jan-21,35,0
Jan-21,37,0
Jan-21,41,0
Jan-21,42,0
Jan-21,43,0
Jan-21,44,0
Jan-21,46,0
Jan-21,47,0
Jan-21,48,0
Jan-21,49,0
Jan-21,51,0
Jan-21,52,0
Jan-21,53,0
Jan-21,54,0
Jan-21,55,0
Feb-21,1,13
Feb-21,2,6
Feb-21,3,2
Feb-21,4,1
Feb-21,5,1
Feb-21,6,2
Feb-21,7,2
Feb-21,8,0
Feb-21,9,1
Feb-21,10,1
Feb-21,11,0
Feb-21,12,0
Feb-21,13,0
Feb-21,14,0
Feb-21,15,0
Feb-21,16,0
Feb-21,17,0
Feb-21,18,0
Feb-21,19,0
Feb-21,20,0
Feb-21,21,0
Feb-21,22,0
Feb-21,23,0
Feb-21,24,0
Feb-21,25,0
Feb-21,26,0
Feb-21,28,0
Feb-21,29,0
Feb-21,30,0
Feb-21,31,0
Feb-21,32,0
Feb-21,35,0
Feb-21,37,0
Feb-21,41,0
Feb-21,42,0
Feb-21,43,0
Feb-21,44,0
Feb-21,46,0
Feb-21,47,0
Feb-21,48,0
Feb-21,49,0
Feb-21,51,0
Feb-21,52,0
Feb-21,53,0
Feb-21,54,0
Feb-21,55,0
Mar-21,1,18
Mar-21,2,7
Mar-21,3,6
Mar-21,4,6
Mar-21,5,4
Mar-21,6,5
Mar-21,7,4
Mar-21,8,3
Mar-21,9,2
Mar-21,10,2
Mar-21,11,2
Mar-21,12,0
Mar-21,13,0
Mar-21,14,0
Mar-21,15,0
Mar-21,16,0
Mar-21,17,0
Mar-21,18,0
Mar-21,19,0
Mar-21,20,0
Mar-21,21,0
Mar-21,22,0
Mar-21,23,0
Mar-21,24,0
Mar-21,25,0
Mar-21,26,0
Mar-21,28,0
Mar-21,29,0
Mar-21,30,0
Mar-21,31,0
Mar-21,32,1
Mar-21,35,0
Mar-21,37,0
Mar-21,41,0
Mar-21,42,0
Mar-21,43,0
Mar-21,44,0
Mar-21,46,0
Mar-21,47,0
Mar-21,48,0
Mar-21,49,0
Mar-21,51,0
Mar-21,52,0
Mar-21,53,0
Mar-21,54,0
Mar-21,55,0
Apr-21,1,9
Apr-21,2,5
Apr-21,3,2
Apr-21,4,1
Apr-21,5,1
Apr-21,6,1
Apr-21,7,1
Apr-21,8,1
Apr-21,9,1
Apr-21,10,1
Apr-21,11,0
Apr-21,12,0
Apr-21,13,0
Apr-21,14,0
Apr-21,15,0
Apr-21,16,0
Apr-21,17,0
Apr-21,18,0
Apr-21,19,0
Apr-21,20,0
Apr-21,21,0
Apr-21,22,0
Apr-21,23,0
Apr-21,24,0
Apr-21,25,0
Apr-21,26,0
Apr-21,28,0
Apr-21,29,0
Apr-21,30,0
Apr-21,31,0
Apr-21,32,0
Apr-21,35,0
Apr-21,37,0
Apr-21,41,0
Apr-21,42,0
Apr-21,43,0
Apr-21,44,0
Apr-21,46,0
Apr-21,47,0
Apr-21,48,0
Apr-21,49,0
Apr-21,51,0
Apr-21,52,0
Apr-21,53,0
Apr-21,54,0
Apr-21,55,0
May-21,1,15
May-21,2,7
May-21,3,4
May-21,4,4
May-21,5,3
May-21,6,3
May-21,7,3
May-21,8,2
May-21,9,2
May-21,10,2
May-21,11,2
May-21,12,2
May-21,13,2
May-21,14,1
May-21,15,0
May-21,16,0
May-21,17,0
May-21,18,0
May-21,19,0
May-21,20,0
May-21,21,0
May-21,22,0
May-21,23,0
May-21,24,0
May-21,25,0
May-21,26,0
May-21,28,0
May-21,29,0
May-21,30,2
May-21,31,1
May-21,32,1
May-21,35,0
May-21,37,0
May-21,41,0
May-21,42,0
May-21,43,0
May-21,44,0
May-21,46,0
May-21,47,0
May-21,48,0
May-21,49,0
May-21,51,0
May-21,52,0
May-21,53,0
May-21,54,0
May-21,55,0
Jun-21,1,16
Jun-21,2,12
Jun-21,3,5
Jun-21,4,4
Jun-21,5,1
Jun-21,6,4
Jun-21,7,3
Jun-21,8,2
Jun-21,9,1
Jun-21,10,2
Jun-21,11,1
Jun-21,12,0
Jun-21,13,0
Jun-21,14,0
Jun-21,15,0
Jun-21,16,0
Jun-21,17,0
Jun-21,18,0
Jun-21,19,0
Jun-21,20,0
Jun-21,21,0
Jun-21,22,0
Jun-21,23,0
Jun-21,24,0
Jun-21,25,0
Jun-21,26,0
Jun-21,28,0
Jun-21,29,0
Jun-21,30,0
Jun-21,31,0
Jun-21,32,0
Jun-21,35,0
Jun-21,37,0
Jun-21,41,0
Jun-21,42,0
Jun-21,43,0
Jun-21,44,0
Jun-21,46,0
Jun-21,47,0
Jun-21,48,0
Jun-21,49,0
Jun-21,51,0
Jun-21,52,0
Jun-21,53,0
Jun-21,54,0
Jun-21,55,0
Jul-21,1,10
Jul-21,2,4
Jul-21,3,1
Jul-21,4,1
Jul-21,5,1
Jul-21,6,1
Jul-21,7,1
Jul-21,8,1
Jul-21,9,1
Jul-21,10,1
Jul-21,11,1
Jul-21,12,1
Jul-21,13,0
Jul-21,14,0
Jul-21,15,0
Jul-21,16,0
Jul-21,17,0
Jul-21,18,0
Jul-21,19,0
Jul-21,20,0
Jul-21,21,0
Jul-21,22,0
Jul-21,23,0
Jul-21,24,0
Jul-21,25,0
Jul-21,26,0
Jul-21,28,1
Jul-21,29,1
Jul-21,30,1
Jul-21,31,0
Jul-21,32,0
Jul-21,35,0
Jul-21,37,0
Jul-21,41,0
Jul-21,42,0
Jul-21,43,0
Jul-21,44,0
Jul-21,46,0
Jul-21,47,0
Jul-21,48,0
Jul-21,49,0
Jul-21,51,0
Jul-21,52,0
Jul-21,53,0
Jul-21,54,0
Jul-21,55,0
Aug-21,1,14
Aug-21,2,6
Aug-21,3,2
Aug-21,4,2
Aug-21,5,1
Aug-21,6,1
Aug-21,7,1
Aug-21,8,1
Aug-21,9,1
Aug-21,10,1
Aug-21,11,1
Aug-21,12,0
Aug-21,13,0
Aug-21,14,0
Aug-21,15,0
Aug-21,16,0
Aug-21,17,0
Aug-21,18,0
Aug-21,19,0
Aug-21,20,0
Aug-21,21,0
Aug-21,22,0
Aug-21,23,0
Aug-21,24,0
Aug-21,25,0
Aug-21,26,0
Aug-21,28,0
Aug-21,29,0
Aug-21,30,0
Aug-21,31,0
Aug-21,32,0
Aug-21,35,0
Aug-21,37,0
Aug-21,41,0
Aug-21,42,0
Aug-21,43,0
Aug-21,44,0
Aug-21,46,0
Aug-21,47,0
Aug-21,48,0
Aug-21,49,0
Aug-21,51,0
Aug-21,52,0
Aug-21,53,0
Aug-21,54,0
Aug-21,55,0
Sep-21,1,14
Sep-21,2,6
Sep-21,3,2
Sep-21,4,0
Sep-21,5,0
Sep-21,6,0
Sep-21,7,0
Sep-21,8,0
Sep-21,9,0
Sep-21,10,0
Sep-21,11,0
Sep-21,12,0
Sep-21,13,0
Sep-21,14,0
Sep-21,15,0
Sep-21,16,0
Sep-21,17,0
Sep-21,18,0
Sep-21,19,0
Sep-21,20,0
Sep-21,21,0
Sep-21,22,0
Sep-21,23,0
Sep-21,24,0
Sep-21,25,0
Sep-21,26,0
Sep-21,28,0
Sep-21,29,0
Sep-21,30,0
Sep-21,31,0
Sep-21,32,0
Sep-21,35,0
Sep-21,37,0
Sep-21,41,0
Sep-21,42,0
Sep-21,43,0
Sep-21,44,0
Sep-21,46,0
Sep-21,47,0
Sep-21,48,0
Sep-21,49,0
Sep-21,51,0
Sep-21,52,0
Sep-21,53,0
Sep-21,54,0
Sep-21,55,0
Oct-21,1,13
Oct-21,2,7
Oct-21,3,3
Oct-21,4,3
Oct-21,5,1
Oct-21,6,2
Oct-21,7,2
Oct-21,8,1
Oct-21,9,1
Oct-21,10,1
Oct-21,11,1
Oct-21,12,1
Oct-21,13,1
Oct-21,14,0
Oct-21,15,0
Oct-21,16,0
Oct-21,17,0
Oct-21,18,0
Oct-21,19,0
Oct-21,20,0
Oct-21,21,0
Oct-21,22,0
Oct-21,23,0
Oct-21,24,0
Oct-21,25,0
Oct-21,26,0
Oct-21,28,0
Oct-21,29,0
Oct-21,30,0
Oct-21,31,0
Oct-21,32,0
Oct-21,35,0
Oct-21,37,0
Oct-21,41,0
Oct-21,42,0
Oct-21,43,0
Oct-21,44,0
Oct-21,46,0
Oct-21,47,0
Oct-21,48,0
Oct-21,49,0
Oct-21,51,0
Oct-21,52,0
Oct-21,53,0
Oct-21,54,0
Oct-21,55,0
Nov-21,1,15
Nov-21,2,7
Nov-21,3,3
Nov-21,4,4
Nov-21,5,2
Nov-21,6,2
Nov-21,7,2
Nov-21,8,2
Nov-21,9,2
Nov-21,10,2
Nov-21,11,2
Nov-21,12,2
Nov-21,13,1
Nov-21,14,1
Nov-21,15,0
Nov-21,16,0
Nov-21,17,0
Nov-21,18,0
Nov-21,19,0
Nov-21,20,0
Nov-21,21,0
Nov-21,22,0
Nov-21,23,0
Nov-21,24,1
Nov-21,25,1
Nov-21,26,1
Nov-21,28,0
Nov-21,29,0
Nov-21,30,0
Nov-21,31,0
Nov-21,32,0
Nov-21,35,0
Nov-21,37,0
Nov-21,41,0
Nov-21,42,0
Nov-21,43,0
Nov-21,44,0
Nov-21,46,0
Nov-21,47,0
Nov-21,48,0
Nov-21,49,0
Nov-21,51,0
Nov-21,52,0
Nov-21,53,0
Nov-21,54,0
Nov-21,55,0
Dec-21,1,22
Dec-21,2,10
Dec-21,3,4
Dec-21,4,3
Dec-21,5,2
Dec-21,6,2
Dec-21,7,2
Dec-21,8,2
Dec-21,9,2
Dec-21,10,2
Dec-21,11,2
Dec-21,12,2
Dec-21,13,1
Dec-21,14,0
Dec-21,15,0
Dec-21,16,0
Dec-21,17,0
Dec-21,18,0
Dec-21,19,0
Dec-21,20,0
Dec-21,21,0
Dec-21,22,0
Dec-21,23,0
Dec-21,24,0
Dec-21,25,0
Dec-21,26,0
Dec-21,28,0
Dec-21,29,0
Dec-21,30,0
Dec-21,31,0
Dec-21,32,0
Dec-21,35,0
Dec-21,37,0
Dec-21,41,0
Dec-21,42,0
Dec-21,43,0
Dec-21,44,0
Dec-21,46,0
Dec-21,47,0
Dec-21,48,0
Dec-21,49,0
Dec-21,51,0
Dec-21,52,0
Dec-21,53,0
Dec-21,54,0
Dec-21,55,0
Jan-22,1,11
Jan-22,2,4
Jan-22,3,2
Jan-22,4,3
Jan-22,5,3
Jan-22,6,2
Jan-22,7,2
Jan-22,8,2
Jan-22,9,2
Jan-22,10,2
Jan-22,11,2
Jan-22,12,2
Jan-22,13,2
Jan-22,14,2
Jan-22,15,0
Jan-22,16,0
Jan-22,17,0
Jan-22,18,0
Jan-22,19,0
Jan-22,20,0
Jan-22,21,0
Jan-22,22,1
Jan-22,23,1
Jan-22,24,0
Jan-22,25,0
Jan-22,26,0
Jan-22,28,0
Jan-22,29,0
Jan-22,30,0
Jan-22,31,0
Jan-22,32,0
Jan-22,35,0
Jan-22,37,0
Jan-22,41,0
Jan-22,42,0
Jan-22,43,0
Jan-22,44,0
Jan-22,46,0
Jan-22,47,0
Jan-22,48,0
Jan-22,49,0
Jan-22,51,0
Jan-22,52,0
Jan-22,53,0
Jan-22,54,0
Jan-22,55,0
Feb-22,1,15
Feb-22,2,5
Feb-22,3,3
Feb-22,4,2
Feb-22,5,2
Feb-22,6,2
Feb-22,7,2
Feb-22,8,2
Feb-22,9,2
Feb-22,10,2
Feb-22,11,2
Feb-22,12,2
Feb-22,13,2
Feb-22,14,2
Feb-22,15,2
Feb-22,16,1
Feb-22,17,0
Feb-22,18,0
Feb-22,19,0
Feb-22,20,0
Feb-22,21,0
Feb-22,22,0
Feb-22,23,0
Feb-22,24,0
Feb-22,25,0
Feb-22,26,0
Feb-22,28,0
Feb-22,29,0
Feb-22,30,0
Feb-22,31,0
Feb-22,32,0
Feb-22,35,0
Feb-22,37,0
Feb-22,41,0
Feb-22,42,0
Feb-22,43,0
Feb-22,44,0
Feb-22,46,0
Feb-22,47,0
Feb-22,48,0
Feb-22,49,0
Feb-22,51,0
Feb-22,52,0
Feb-22,53,0
Feb-22,54,0
Feb-22,55,0
Mar-22,1,23
Mar-22,2,8
Mar-22,3,6
Mar-22,4,3
Mar-22,5,3
Mar-22,6,3
Mar-22,7,2
Mar-22,8,2
Mar-22,9,2
Mar-22,10,1
Mar-22,11,2
Mar-22,12,1
Mar-22,13,1
Mar-22,14,1
Mar-22,15,0
Mar-22,16,0
Mar-22,17,0
Mar-22,18,0
Mar-22,19,0
Mar-22,20,1
Mar-22,21,1
Mar-22,22,0
Mar-22,23,0
Mar-22,24,0
Mar-22,25,0
Mar-22,26,0
Mar-22,28,0
Mar-22,29,0
Mar-22,30,0
Mar-22,31,0
Mar-22,32,0
Mar-22,35,0
Mar-22,37,0
Mar-22,41,0
Mar-22,42,0
Mar-22,43,0
Mar-22,44,0
Mar-22,46,0
Mar-22,47,0
Mar-22,48,0
Mar-22,49,0
Mar-22,51,0
Mar-22,52,0
Mar-22,53,0
Mar-22,54,0
Mar-22,55,0
Apr-22,1,20
Apr-22,2,10
Apr-22,3,7
Apr-22,4,4
Apr-22,5,3
Apr-22,6,2
Apr-22,7,3
Apr-22,8,3
Apr-22,9,2
Apr-22,10,3
Apr-22,11,3
Apr-22,12,2
Apr-22,13,2
Apr-22,14,2
Apr-22,15,2
Apr-22,16,2
Apr-22,17,1
Apr-22,18,1
Apr-22,19,0
Apr-22,20,0
Apr-22,21,0
Apr-22,22,0
Apr-22,23,0
Apr-22,24,0
Apr-22,25,0
Apr-22,26,0
Apr-22,28,0
Apr-22,29,0
Apr-22,30,0
Apr-22,31,0
Apr-22,32,0
Apr-22,35,0
Apr-22,37,0
Apr-22,41,0
Apr-22,42,0
Apr-22,43,0
Apr-22,44,0
Apr-22,46,0
Apr-22,47,0
Apr-22,48,0
Apr-22,49,0
Apr-22,51,0
Apr-22,52,0
Apr-22,53,0
Apr-22,54,0
Apr-22,55,0
May-22,1,17
May-22,2,8
May-22,3,3
May-22,4,4
May-22,5,3
May-22,6,1
May-22,7,3
May-22,8,3
May-22,9,1
May-22,10,3
May-22,11,2
May-22,12,1
May-22,13,1
May-22,14,1
May-22,15,1
May-22,16,1
May-22,17,1
May-22,18,0
May-22,19,0
May-22,20,0
May-22,21,0
May-22,22,0
May-22,23,0
May-22,24,0
May-22,25,0
May-22,26,0
May-22,28,0
May-22,29,0
May-22,30,0
May-22,31,0
May-22,32,0
May-22,35,0
May-22,37,0
May-22,41,0
May-22,42,0
May-22,43,0
May-22,44,0
May-22,46,0
May-22,47,0
May-22,48,0
May-22,49,0
May-22,51,0
May-22,52,0
May-22,53,0
May-22,54,0
May-22,55,0
Jun-22,1,16
Jun-22,2,9
Jun-22,3,8
Jun-22,4,4
Jun-22,5,4
Jun-22,6,3
Jun-22,7,4
Jun-22,8,3
Jun-22,9,2
Jun-22,10,2
Jun-22,11,2
Jun-22,12,1
Jun-22,13,1
Jun-22,14,0
Jun-22,15,0
Jun-22,16,0
Jun-22,17,1
Jun-22,18,1
Jun-22,19,0
Jun-22,20,0
Jun-22,21,0
Jun-22,22,0
Jun-22,23,0
Jun-22,24,0
Jun-22,25,0
Jun-22,26,0
Jun-22,28,0
Jun-22,29,0
Jun-22,30,0
Jun-22,31,0
Jun-22,32,0
Jun-22,35,0
Jun-22,37,0
Jun-22,41,0
Jun-22,42,0
Jun-22,43,0
Jun-22,44,0
Jun-22,46,0
Jun-22,47,0
Jun-22,48,0
Jun-22,49,0
Jun-22,51,0
Jun-22,52,0
Jun-22,53,0
Jun-22,54,0
Jun-22,55,0
Jul-22,1,12
Jul-22,2,6
Jul-22,3,5
Jul-22,4,3
Jul-22,5,2
Jul-22,6,3
Jul-22,7,2
Jul-22,8,2
Jul-22,9,2
Jul-22,10,2
Jul-22,11,2
Jul-22,12,2
Jul-22,13,1
Jul-22,14,1
Jul-22,15,1
Jul-22,16,1
Jul-22,17,1
Jul-22,18,0
Jul-22,19,0
Jul-22,20,0
Jul-22,21,0
Jul-22,22,0
Jul-22,23,0
Jul-22,24,0
Jul-22,25,0
Jul-22,26,0
Jul-22,28,0
Jul-22,29,0
Jul-22,30,0
Jul-22,31,0
Jul-22,32,0
Jul-22,35,0
Jul-22,37,0
Jul-22,41,0
Jul-22,42,0
Jul-22,43,0
Jul-22,44,0
Jul-22,46,0
Jul-22,47,0
Jul-22,48,0
Jul-22,49,0
Jul-22,51,0
Jul-22,52,0
Jul-22,53,0
Jul-22,54,0
Jul-22,55,0
Aug-22,1,19
Aug-22,2,9
Aug-22,3,3
Aug-22,4,2
Aug-22,5,2
Aug-22,6,3
Aug-22,7,2
Aug-22,8,3
Aug-22,9,3
Aug-22,10,2
Aug-22,11,3
Aug-22,12,2
Aug-22,13,1
Aug-22,14,1
Aug-22,15,1
Aug-22,16,1
Aug-22,17,1
Aug-22,18,0
Aug-22,19,0
Aug-22,20,0
Aug-22,21,0
Aug-22,22,0
Aug-22,23,0
Aug-22,24,0
Aug-22,25,0
Aug-22,26,0
Aug-22,28,0
Aug-22,29,0
Aug-22,30,0
Aug-22,31,0
Aug-22,32,0
Aug-22,35,0
Aug-22,37,0
Aug-22,41,0
Aug-22,42,0
Aug-22,43,0
Aug-22,44,0
Aug-22,46,0
Aug-22,47,0
Aug-22,48,0
Aug-22,49,0
Aug-22,51,0
Aug-22,52,0
Aug-22,53,0
Aug-22,54,0
Aug-22,55,0
Sep-22,1,17
Sep-22,2,5
Sep-22,3,3
Sep-22,4,2
Sep-22,5,2
Sep-22,6,2
Sep-22,7,2
Sep-22,8,2
Sep-22,9,2
Sep-22,10,1
Sep-22,11,1
Sep-22,12,1
Sep-22,13,1
Sep-22,14,2
Sep-22,15,2
Sep-22,16,0
Sep-22,17,0
Sep-22,18,0
Sep-22,19,0
Sep-22,20,0
Sep-22,21,0
Sep-22,22,0
Sep-22,23,0
Sep-22,24,0
Sep-22,25,0
Sep-22,26,0
Sep-22,28,0
Sep-22,29,0
Sep-22,30,0
Sep-22,31,0
Sep-22,32,0
Sep-22,35,0
Sep-22,37,0
Sep-22,41,0
Sep-22,42,0
Sep-22,43,0
Sep-22,44,0
Sep-22,46,0
Sep-22,47,0
Sep-22,48,0
Sep-22,49,0
Sep-22,51,0
Sep-22,52,0
Sep-22,53,0
Sep-22,54,0
Sep-22,55,0
Oct-22,1,7
Oct-22,2,4
Oct-22,3,2
Oct-22,4,2
Oct-22,5,2
Oct-22,6,1
Oct-22,7,2
Oct-22,8,2
Oct-22,9,1
Oct-22,10,2
Oct-22,11,2
Oct-22,12,1
Oct-22,13,1
Oct-22,14,1
Oct-22,15,1
Oct-22,16,0
Oct-22,17,0
Oct-22,18,0
Oct-22,19,0
Oct-22,20,0
Oct-22,21,0
Oct-22,22,0
Oct-22,23,0
Oct-22,24,0
Oct-22,25,0
Oct-22,26,0
Oct-22,28,0
Oct-22,29,0
Oct-22,30,0
Oct-22,31,0
Oct-22,32,0
Oct-22,35,0
Oct-22,37,0
Oct-22,41,0
Oct-22,42,0
Oct-22,43,0
Oct-22,44,0
Oct-22,46,0
Oct-22,47,0
Oct-22,48,0
Oct-22,49,0
Oct-22,51,0
Oct-22,52,0
Oct-22,53,0
Oct-22,54,0
Oct-22,55,0
Nov-22,1,18
Nov-22,2,13
Nov-22,3,7
Nov-22,4,5
Nov-22,5,4
Nov-22,6,4
Nov-22,7,3
Nov-22,8,4
Nov-22,9,4
Nov-22,10,3
Nov-22,11,2
Nov-22,12,4
Nov-22,13,3
Nov-22,14,2
Nov-22,15,1
Nov-22,16,1
Nov-22,17,1
Nov-22,18,0
Nov-22,19,0
Nov-22,20,0
Nov-22,21,0
Nov-22,22,0
Nov-22,23,0
Nov-22,24,0
Nov-22,25,0
Nov-22,26,0
Nov-22,28,0
Nov-22,29,0
Nov-22,30,0
Nov-22,31,0
Nov-22,32,0
Nov-22,35,0
Nov-22,37,0
Nov-22,41,0
Nov-22,42,0
Nov-22,43,0
Nov-22,44,0
Nov-22,46,0
Nov-22,47,0
Nov-22,48,0
Nov-22,49,0
Nov-22,51,0
Nov-22,52,0
Nov-22,53,0
Nov-22,54,0
Nov-22,55,0
Dec-22,1,16
Dec-22,2,10
Dec-22,3,5
Dec-22,4,6
Dec-22,5,4
Dec-22,6,5
Dec-22,7,5
Dec-22,8,4
Dec-22,9,5
Dec-22,10,5
Dec-22,11,5
Dec-22,12,5
Dec-22,13,3
Dec-22,14,1
Dec-22,15,1
Dec-22,16,1
Dec-22,17,0
Dec-22,18,0
Dec-22,19,0
Dec-22,20,0
Dec-22,21,0
Dec-22,22,0
Dec-22,23,0
Dec-22,24,0
Dec-22,25,0
Dec-22,26,0
Dec-22,28,0
Dec-22,29,0
Dec-22,30,0
Dec-22,31,0
Dec-22,32,0
Dec-22,35,0
Dec-22,37,0
Dec-22,41,0
Dec-22,42,0
Dec-22,43,0
Dec-22,44,0
Dec-22,46,0
Dec-22,47,0
Dec-22,48,0
Dec-22,49,0
Dec-22,51,0
Dec-22,52,0
Dec-22,53,0
Dec-22,54,0
Dec-22,55,0
Jan-23,1,6
Jan-23,2,3
Jan-23,3,1
Jan-23,4,1
Jan-23,5,0
Jan-23,6,0
Jan-23,7,0
Jan-23,8,0
Jan-23,9,0
Jan-23,10,0
Jan-23,11,0
Jan-23,12,0
Jan-23,13,0
Jan-23,14,0
Jan-23,15,0
Jan-23,16,0
Jan-23,17,0
Jan-23,18,0
Jan-23,19,0
Jan-23,20,0
Jan-23,21,0
Jan-23,22,0
Jan-23,23,0
Jan-23,24,0
Jan-23,25,0
Jan-23,26,0
Jan-23,28,0
Jan-23,29,0
Jan-23,30,0
Jan-23,31,0
Jan-23,32,0
Jan-23,35,0
Jan-23,37,0
Jan-23,41,0
Jan-23,42,0
Jan-23,43,0
Jan-23,44,0
Jan-23,46,0
Jan-23,47,0
Jan-23,48,0
Jan-23,49,0
Jan-23,51,0
Jan-23,52,0
Jan-23,53,0
Jan-23,54,0
Jan-23,55,0
