merchant_id,merchant_name,#_of_orders,#_of_parcels,total_collected_cash,delivery_success_rate,Cluster
5591a312-6cc5-4b10-bf00-e5b6e3c0ed7a,Aaron Giles,46,106,20440,1,1
4b0ed9fb-8635-4efb-bbe9-b70807501a2d,Abdullah bin Kassim,5,18,145,0.4,3
7fa727c2-7161-4212-b20f-f1b5e079a544,Achille Serafini,2,5,75,1,2
ba2c5341-42b3-4ecc-8425-152c9d4a02bd,Addolorata Vezzoli,2,3,325,1,2
004e2c61-027d-4db2-8753-2f1c6bcfec54,Adel Shirokov,2,4,2570,1,2
238baa32-0cfe-4830-9c46-fa1d29d67089,Adelaide Ferrão,2,2,3100,1,2
948f0790-d3af-4f3b-9eba-db1ce6355ed5,Adnan Uygun,2,2,375,1,2
6396b88d-89b4-49e6-ad6d-8b92e10fbe3f,Adolfo Pirozzi,2,2,100,0.5,3
40735de5-4b5c-462a-bb20-69c4c7eda1d9,Aelita Eliseeva,5,10,75,0.2,3
9a7bacc4-cec1-443b-8d2d-6d4e4f0f8a5f,Aicha Alekseeva,2,6,100,1,2
b0a6f8a6-bd55-4d67-9f7e-b312ad24d0b3,Aida Church,2,9,95,0.5,3
a6838be3-58fd-40cf-91d1-9eb11bed82c1,Aimilios Maris,1,1,100,1,2
ad327242-3aee-4571-9543-0c5d0124d4c9,Akiko Onuki,22,42,14860,1,1
ccbdb849-292f-4f4e-bd7d-d9ebebc3cd50,Akrivi Karras,1,1,0,1,2
01356c25-a9bf-4218-8f40-80a3ab37f7a2,Al Douglass,14,27,7770,1,2
9fda3971-0386-4a4c-a72e-14c7176fa111,Alaattin Atar,2,7,575,1,2
ed63bd2a-b88f-462a-92db-70563185ab5b,Alec Clare,46,101,19690,0.83,1
675b167a-6f64-4302-9de8-41b0a7558d23,Alexandre Cerqueira,2,2,175,1,2
99c1e827-553d-4ce5-ac30-c269036d858d,Alexis Martín,14,27,4500,1,2
2ab9a53f-1b89-4420-ae74-cd6fbf017a81,Alif binti Muhamad,2,8,1700,1,2
da134797-9657-4207-80a9-1cb376f5db36,Alina Semyonova,2,8,6000,1,2
0246cd9c-5726-4d69-9170-b0d020b29404,Alison Coleman,46,89,15265,0.93,1
9e86c044-ed44-49a2-a041-4026f3c172d5,Alkmini Mavroudis,2,7,3000,1,2
0d18035b-5e87-4987-9859-14bc337ae010,Altana Anikina,2,8,70,0.5,3
ff10eb05-09f2-4386-8da4-77e0ab1862a1,Alvin bin Man,5,12,770,1,2
49f6ac88-a71b-4b11-a1ca-d2f58a21ebee,Alyona Ponomaryov,2,2,450,1,2
c424461b-419a-4180-93da-f5356312a533,Alícia Segui,14,26,8445,0.71,3
bafcf600-5b4e-4e0e-9039-7d17baf7369f,Amir Levina,5,9,225,0.4,3
a09e1db7-c2a2-4995-9570-f1c8995ff369,Anastasio Papadaki,1,1,150,1,2
e8e4b468-d94c-423a-8029-5121ee28993f,Andrea Giusti,2,3,75,1,2
52052991-bb17-4649-82db-2a1bb22d94a3,André Fiebig,28,68,2720,0.32,3
8353660b-91ad-4441-8487-0b4b10151e74,Angela Stamatakis,1,1,95,1,2
591fbdde-e875-400c-af50-703551280a48,Angelo Kusters,2,4,175,1,2
dc2341fd-ab1e-4aa5-aed5-f491418cf11e,Anita Brugman,2,4,75,1,2
6b41dd9e-5b2e-4332-b7bf-58ebe67785c9,Ann-Marie Mellor,37,85,18185,0.86,1
d9ded2e2-c14b-4039-a9b9-4767f22d695a,Anna Cavallaro,2,7,500,1,2
13d2dccf-fad2-4eaf-9779-387cfe4620c8,Anna Ovchinnikova,2,2,3000,1,2
f20a94b2-e130-4652-9a50-2964f8c324b4,Annarita Grieco,2,4,3000,0.5,3
6d602b13-573f-48f7-bed9-585aa05a4b7e,Anne-Marie Franklin,2,5,75,0.5,3
e5ef5ee1-dd47-4e11-868a-bee5788f3196,Anselmo Pavesi,2,8,95,0.5,3
14646851-ed33-4b28-addb-3d17bd2fce38,Anthony Wagoner,15,29,10775,0.73,3
7d66b272-19bc-4625-b617-7995edc24524,António Maurício,2,2,525,1,2
65f210bf-2cf2-40ae-b902-35a93e60ad38,Arinochka Matveeva,5,7,1750,0.4,3
3f391fef-d22d-4d8b-b86a-ed8fc0967cb8,Armen Anisimova,2,3,325,1,2
147ad39b-fa0a-48aa-b076-2ec4ef025841,Arseniy Moiseenko,2,6,1595,1,2
d72de0f2-6fc9-4ef3-8144-b652cfcfc5e9,Artak Kolosova,2,2,195,1,2
5754ff24-c278-4645-95e2-e46e8786c32e,Asha Fawcett,46,106,11795,0.54,1
a063a9e4-8283-4ccd-bab8-6117b32bfc4f,Asimoula Farmakis,1,4,0,1,2
04d155a1-6c59-4d16-ab81-3887cc28ee64,Asiya Aleksandrova,5,17,745,1,2
ef2d662e-8084-42f0-baa2-7f943b7ee794,Asker Safin,5,5,200,0.2,3
852c2eed-a329-4bde-9a99-1c00ebe8e3b4,Askhat Ryazanov,5,6,200,0.2,3
5e952c1d-893b-4687-852c-3c283be489a9,Atsumi Shima,2,2,25,0.5,3
273c84ff-3ecf-47a5-b51a-e74ff4bb7eb8,Attilia Gennari,2,2,270,1,2
1458d6bd-5251-48c7-8e41-18f438d4d0cc,Augusto Parente,2,2,525,1,2
3318458b-a5d2-49a1-b617-84b99109892b,Aurora Sánchez,5,5,3800,1,2
41bac690-ec26-45a2-804a-bb883f4f58e3,Avelino Proença,2,6,2500,1,2
c3893103-180e-402f-9c4b-1adbc2d9b739,Ayana Babaev,2,2,595,1,2
07bacf1b-ec88-430e-8329-d998cac93c18,Aysylu Timofeev,5,9,670,1,2
af4dd96d-293f-4d1f-9aa4-bfa6e1d5e61b,Ayur Zubova,5,8,425,1,2
0b30fc26-1997-44b7-a7b6-7778fc7cb569,Azahara Bravo,14,39,6120,1,2
37a7cd41-471f-47e9-bf94-1f5279819b63,Azimah bin Jusoh,5,11,3175,1,2
311af16c-273c-4993-85f7-b24748221380,Bahri Aktepe,2,2,1750,1,2
37126af0-ed59-4de3-a3da-c16f814f249d,Bambina Mariani,2,6,2525,1,2
81fedf92-cc8b-45b3-af30-09809b2aa0dd,Barbara Meireles,2,5,145,1,2
71acdc44-b354-44a6-aab4-723f0b800334,Barrie Charles,46,91,2955,0.43,1
fe5f59b0-b129-4091-bb27-63e2adb98d69,Bastian Stolz,37,88,7415,0.41,1
bc6aac2e-3e2a-48e0-acde-d33e921907bb,Battistina Giovannini,2,2,1570,1,2
728729c8-bb95-449c-8217-c51a2b76fbe4,Bee Binti,5,11,3425,1,2
e919aa9b-6374-4150-b8ef-032ede651a67,Bella Ermakova,5,17,95,0.4,3
2b93fabd-474d-4e85-bb85-b17a83d14a10,Benjamin Kirsch,2,8,0,0.5,3
e6ce95de-eb85-438d-86b5-14200c97a436,Benjamin Steward,15,30,1700,0.13,3
014fbe54-5bea-4836-b474-3818c61c99df,Benny Dale,15,28,6855,1,2
bc665bab-cb0d-479c-aa29-b7e66d9dfbc8,Beppe Giacomelli,2,2,220,1,2
6e075669-7134-4c32-ae87-a37775673c4d,Berardino Giudice,2,3,100,1,2
80e421c9-75a8-4554-a6d5-75afb510e577,Bernice Day,2,2,95,0.5,3
667855f4-eee2-4948-8223-2dbfd635a640,Bertus Rombouts,2,2,295,1,2
319db2bb-6006-41f5-936d-f81a14441a94,Bianca Smart,46,104,16490,1,1
3d8e142a-1b76-4e32-b89f-08eb62f13933,Bianco Todaro,2,4,500,1,2
29002987-75e4-4931-ad21-5f2bd14dda48,Birgit Pols,2,3,270,1,2
870c5283-5b7f-4b10-8c94-7ec94eb29983,Blanca Ponce,5,17,3300,1,2
dd1b5a19-115c-4675-85b4-3febb4fa3805,Borja Hoyos,14,27,5850,1,2
a1f7fbc3-c745-45dd-96dc-1b9453a9d48c,Brunhild Weiser,28,57,14010,1,1
d2fc093c-e4fc-410c-b353-65e703933341,Bulbul Ovsyannikova,2,2,225,1,2
5fc7425f-0294-4578-bda1-d75d19485c25,Byron Marshall,2,6,1500,0.5,3
2a04eed1-ee50-4234-8550-b38ce55c0ba3,Büşra Koyun,2,6,350,1,2
5051424b-1326-47d9-94d8-f93fde93d9de,Caitlin Landry,14,32,1250,0.64,3
0982351d-afce-4b88-acac-15aa9c862524,Candice Fields,15,27,8975,1,2
5d5ea7e4-00aa-406d-83fb-b07730156bea,Carl Röder,2,2,200,0.5,3
50931b46-8d53-428c-a330-9f0cb966a85e,Carmen Schepers,2,9,150,0.5,3
5762a352-951e-4f86-b2bf-3ff635efe9c8,Catarina Nunes,2,6,1500,1,2
366e8683-a3db-4163-8483-17a021d7ad03,Catherine Oikonomou,1,2,25,1,2
e14c310f-ca4a-44bd-acbb-bb2dc2886f9a,Celeste D'anna,2,6,150,0.5,3
0cdc21c8-b26b-4a9a-aa1c-8917f2b27be4,Celil Ertan,2,3,170,1,2
516907ff-3fcd-41d3-8088-c2efcf5a87c7,Celso Franco,2,10,150,1,2
2cec7245-71c3-4fd7-bf89-a7594e46cf2f,Cenk Dayan,2,8,525,1,2
65e8c3cb-5622-4cb0-9d51-6edc350519c7,Charikleia Karydis,1,5,500,1,2
aa13340b-4dcf-411e-a28d-c333ff283858,Charles Khir,5,11,175,0.4,3
ece91365-00bf-4869-92eb-8f9b3b761796,Charlotte Barlow,37,86,10220,0.41,1
b7c2ad8a-a750-453e-b40c-b35c72d863cc,Chee Bee,2,2,1650,1,2
781db3bf-6cd8-4a27-a9cd-2a2680e24b8e,Chew bin Tahir,5,11,5170,1,2
be708df6-c057-4509-9da8-6c624f485091,Chik Wai,2,2,245,1,2
d378ce33-ab79-4a6c-8b38-cbbfa13d885a,Chingiz Nazarov,2,5,200,1,2
c63a4978-72e9-4894-bbb6-5306c3a4db15,Choon binti Zulkifli,2,2,300,1,2
c27cf190-4862-4b1a-be94-f9ee0b576f8c,Christl Kleinert,22,48,5400,0.82,1
80b9df70-9445-4dd3-8729-15efcaeade94,Christopher Hein,28,58,3020,0.21,3
0fc205a2-ef00-49d4-80e5-d23553fdda00,Christopher Santos,14,33,8350,1,2
9b77d364-c669-4573-8207-d42783e513cf,Chrysoula Marinou,1,1,1500,1,2
74214acd-b353-4aaa-bfc7-4e7ebc82e40d,Chunyan Shuo,1,1,70,1,2
e786e54f-3283-4303-9ea0-b2b410b298c6,Clara van de Ven,2,2,700,1,2
8745577d-6400-46d9-809a-a3eb7ac66486,Claus-Peter Knorr,28,73,18110,1,1
eebe1140-5345-446e-8ce8-7e1a57f58994,Claúdia Branco,2,3,75,0.5,3
4b11439e-a986-4962-a357-efe009c926e2,Clinton Whalen,15,35,5085,0.73,3
be255287-e0f9-42eb-ba2f-13949e315e1f,Cludia Diniz,2,2,1700,1,2
76906fbd-4e13-4a25-91d5-c6c4e6ec719a,Colleen Cooper,15,42,6095,0.67,3
288eba54-bb80-416a-8bad-652d2f53d68b,Colleen Fisher,46,102,23570,1,1
2b3527d8-a341-4784-bdb8-33011d14c544,Connie Teeuwen,2,3,70,0.5,3
ab2df582-65c3-41e8-8b87-e073ed814f99,Costas Stefanis,1,1,300,1,2
cbe9a609-28a3-455e-bb4f-ca1d0e983c0e,César Valentim,2,2,0,0.5,3
58a4101b-0cb9-42b3-81d1-1a42f6d2cb6e,Dagmar Jongsma,2,3,3000,1,2
87cdeaf9-e823-4cf7-a8b2-b4e3951c6025,Dale Andersen,15,37,8470,1,2
571f742c-266f-4d68-9088-5bc8c2ed48cb,Damiana Masi,2,12,3075,1,2
b8e31d97-eeb3-489b-b4f8-c1855c1c3913,Damiano Paradiso,2,2,125,1,2
b9c9f13d-de68-4854-a6bd-be6db9e08dfc,Daniela Losada,2,2,150,0.5,3
3107244b-2d34-49d0-a6e1-ec84a8014ff5,Daniela Veltman,2,10,100,0.5,3
6fe6c56c-7aeb-400c-af41-894c6cf52483,Daniya Sharapov,5,16,3545,1,2
1db2dbca-7633-4197-a02d-e32cc42c9b36,Danka Leonov,2,2,200,0.5,3
a1391113-39c7-4787-b9b0-91beee4917ac,Daphne Scheepers,2,2,150,0.5,3
8ad873b0-7b2f-4b45-9c81-8b15539f0526,Daria Falco,2,3,300,1,2
464eb51c-d98f-4566-993f-9886892d9c13,Darina Pankov,5,11,4900,1,2
eb94be3d-a110-44be-86b9-915f2136b4e4,Dario Batista,14,32,500,0.07,3
431171a9-4a3c-4349-be2f-c66179a22da2,Darren Stafford,37,88,11530,1,1
b7188649-1788-4d48-90b4-3614ef76e791,David Passos,2,2,150,0.5,3
274e637b-a423-4805-9050-7e44ac7f38f9,Davina Roberts,2,6,150,0.5,3
d38fc7a2-ed6d-4b11-88cc-f809c3280e0b,Deborah Lucas,46,104,23770,1,1
df183812-0470-4eae-a505-26f3121a8bc3,Ded Kovtun,5,22,2120,1,2
66dae3f7-6bd0-4e80-9d6d-37426807037a,Dennis Schroeder,15,25,6670,1,2
8ea1f546-37ff-4aa5-b690-20b519301ec8,Dequan Jiang,1,5,25,1,2
903adbb2-22cc-4e97-b3c1-c4a241af19a4,Derrick Carr,15,37,6920,1,2
d83e2bb2-960b-4077-8657-8f851b8312e4,Desiree van Wijk,2,2,3075,1,2
ff39d579-b515-4944-8fb2-dddd1c10b3bd,Diana Bazhenov,5,13,500,1,2
356abb87-22ec-4bde-a3a9-d172b0f4a339,Dina Maggio,2,2,75,0.5,3
17cf9cac-5aea-4990-bf9b-784d04de8ef5,Dino Conte,2,8,3025,1,2
b7841315-b21d-48f3-b7dc-316c6b7cb4dc,Dionysia Tzanis,1,7,3000,1,2
8ac2f4b4-31bb-4c1f-9617-987fdbbaed3b,Domingos Figueira,2,3,170,1,2
bde1d725-45cb-4928-9178-9fe6bed5b5fc,Donne Biagini,2,6,200,0.5,3
4de45373-8ea3-4561-8d2b-970067f18f48,Doreen Hager,2,2,250,0.5,3
9df2bf0e-c034-4f67-b0e7-ee925e4f44ad,Dylan Taylor,46,104,9275,0.61,1
e121c01a-f615-4520-b89e-ebf5b6a24130,Dzhamal Nikulina,5,8,2900,1,2
3a8076b4-568d-481d-9063-6830984e0812,Dzhamilya Sinitsyn,5,13,95,0.2,3
bfc2f75a-f43e-4607-93f9-b748495dd975,Dzheyna Gorbunova,5,13,2400,1,2
10877cbf-d45a-4964-8f0d-c68336cfc6f0,Edda Neuhaus,28,62,17835,1,1
f334b6d1-babe-4bbc-ad6f-274a16e2287c,Edeltraud Buchholz,28,50,12475,0.89,1
e558005f-41de-4472-9879-1c65d7a43d54,Edith Oates,46,103,20880,1,1
e11aeef4-f1ac-4a16-a17b-303d95ce2554,Eduard Neira,14,28,4745,1,2
1e680031-f228-4f07-b766-1ef9472534b1,Egor Semenova,5,13,1695,1,2
f97a15c4-1913-483a-a73c-57144c2a76f1,Eikichi Komine,2,2,300,0.5,3
ee58dbc8-48a9-4252-83d8-c8b574653a0f,Ekaterina Ignatov,2,5,0,1,2
36a1dde6-2f59-47df-9128-130c93aff6df,Elen Shilova,5,13,4720,1,2
79269b8d-7cb6-47d5-bc10-0d50cdc6197f,Elias Mylonas,1,1,95,1,2
3307e248-84e6-403e-9960-27e88aaad96f,Elisabeth Stathis,1,1,75,1,2
25614a3e-b66d-40c5-896d-a40cfa21c381,Elizabeth Kalogirou,1,1,250,1,2
ce6e00bb-4342-47cb-89b7-67101866edfb,Elli Vogel,22,52,6460,1,1
ee4584b0-2fb2-4aa2-8754-dbd309d5e9a2,Elmira Larin,5,5,2320,1,2
9c83f433-2ddd-48b6-b17b-223bcf7d69a5,Els Valkenburg,2,6,75,1,2
5de0d9f7-5c1b-4c18-bd58-f42e165fe7dd,Elsa Albano,2,6,2500,0.5,3
e6a9e54c-c68a-4665-8906-ea97dcad833c,Elóisa Alves,2,2,175,1,2
af32537f-5db7-4fe5-94f5-3999d93e6858,Emilie Donders,2,2,3500,1,2
dba62bef-0d6f-46b2-8934-4b028613fa8d,Emin Sotnikov,2,2,600,1,2
94ed975c-6d3c-40dc-80f7-c8c85a688b6e,Emília Loureiro,2,8,350,1,2
dfb81410-f2c9-4895-bddf-2b964915fef7,En binti Anuar,2,2,600,1,2
6cf15db4-81fe-4e01-b0a3-1cbb8381e2ef,Enes Emre,2,2,400,1,2
c7a5bde8-4e5f-4fbf-94d3-720e5a242455,Engin Atik,2,2,750,1,2
07d5f376-68f8-4b22-9104-78e021d89b08,Erasmia Kyriakakis,2,2,70,0.5,3
6600db15-575c-4a42-80f2-e86654fd9b48,Erin Hammond,15,34,5090,1,2
432dd0b4-878d-4926-9bdd-5009963b7c47,Erkan Ayyildiz,2,4,225,1,2
db754834-ae2e-4032-8d7a-a39b46bf94b6,Ernestine Hecht,28,65,11120,1,1
49d05fe2-86b3-407b-b530-3170bd4569a5,Ernesto Abril,5,14,995,1,2
c7b5a212-c736-4424-b4a9-209631c3d966,Ernst Obermeier,37,89,3610,0.49,1
d4554a19-0632-430f-9cc9-0117ee6316f8,Ertan Çil,2,10,3000,0.5,3
66d339db-7e99-4644-b651-6797e0f57f50,Esfira Vlasova,2,2,250,1,2
91d9733f-a2c1-440a-b979-4ec02033981f,Esmee Kleine,2,5,3025,1,2
4ea817fd-c4e0-41e7-b75f-b53bbe12ba42,Esmer Göçmen,2,2,3000,1,2
b00ee497-e7b8-4eb4-b055-102bcd890f13,Eva Blair,14,39,2850,0.43,3
278428ef-a194-4f45-abe1-61da7f11b5b2,Evrydiki Zachariadis,1,2,75,1,2
739e79df-5030-43e0-a8fb-29c8ec64644c,Eşref Yağız,2,2,25,0.5,3
5b1b8066-6a23-4521-8e8b-1b675ab7365f,Fail Usova,5,17,925,1,2
3a2d307a-e7f6-4378-9d08-70507eb48b45,Faina Koval,2,2,250,1,2
430ae2fb-e8a1-4653-a24a-045e0f91f743,Fangfang Van,1,1,200,1,2
de7f85b5-f2b0-4653-bfbd-333310c0278d,Fanis Nikulina,2,2,245,1,2
ed7a55a5-46fd-4c2c-b1a9-b0149758d5e8,Farida Mishchenko,2,10,400,1,2
315c928f-7a04-440b-877a-f4cdcad7e2ce,Fatma Ekşi,2,2,350,1,2
2e1ea800-20d0-46ef-8394-5b760f834bc1,Fatma Lüdtke,28,52,5645,0.14,3
dd9da380-916b-4aea-9d96-49895329dee4,Fatoş Şener,2,6,175,1,2
d5469860-cb56-4ad6-9306-f30b9a497b6e,Fernanda Henrique,2,5,2700,1,2
08fce93d-4140-4e27-90d9-31ca9b75b19b,Fikret Canpolat,2,8,300,0.5,3
3d8e1b5f-b95c-42ba-b68d-8ac7a1041c95,Filomena Barros,2,6,2600,1,2
0f04985f-58e9-49ad-a06d-55f09bb79c3a,Flaúvio Mesquita,2,4,350,1,2
8173014f-0528-4309-8973-20d1bd5b1397,Flora Duran,14,18,2220,0.43,3
33aba0fe-dd57-407f-b418-7e0329f88d36,Florence Allison,14,18,6065,1,2
53f93a07-d67a-4499-a449-fa97ce7e4a80,Florence Hutchings,46,112,23625,0.93,1
6c4598f4-0567-4b81-804b-85c3305f80b6,Florencio Montoro,2,6,500,0.5,3
d625ea28-869d-4007-86d4-b62ac4a90fc1,Flyura Reshetnikov,2,8,650,1,2
d80d269c-7926-4fdc-b7de-6330e8c3cd63,Franca Salvadori,2,2,70,1,2
9c8c72da-e749-45dc-8ee3-fc83969b0080,Francis Coolen,2,2,275,1,2
948ad593-15bd-4509-9b76-36fc22a17cfe,Francis binti Bidin,5,5,0,0.2,3
47ac63c0-e921-4877-9c51-16666381d4fa,Frederico Afonso,2,3,0,0.5,3
367d402a-e63d-4a68-af94-c1bbf7ed1f19,Friederike Reich,28,59,2295,0.32,3
bdba423b-ad82-4e03-b9f3-61cee3fd444a,Friedrich Knobloch,28,73,9425,0.32,1
3be402c4-f8c4-4499-be12-9ac142b663cf,Fulvia Schiavone,2,7,150,1,2
2b9e4ebe-b76b-4b0f-aa01-3b1261469ef4,Fulya Köse,2,2,450,1,2
bad42110-ec15-4fb3-a8a9-16c7c6729122,Gabriela Guirado,5,19,575,0.4,3
d2722021-5b3e-4e1f-9661-7e39a2f33fa6,Gabriela Luís,2,5,3000,1,2
1820245d-7d47-46b1-a0e5-1c17a307615b,Ganesan Yassin,5,9,400,0.4,3
6d84456f-7bfc-4168-a2db-4de1c8a22a17,Georg Lazzarini,2,10,2750,1,2
73d5a726-d75b-4a45-bc36-eddf7db6f1ba,Georg Schultze,28,58,14555,1,1
1f67f752-3365-4301-a6c9-081bf9539a9d,George Schippers,2,2,3000,0.5,3
755f3b63-42c8-486f-afcc-8c45a7901b46,Georgios Arvaniti,1,1,500,1,2
a0cc4542-1dc2-4b8a-8618-32fc7f5460c0,Ger Oudshoorn,2,10,200,1,2
5fe5d51b-5eee-4ca6-ad7e-e037f8a33ab3,Gerry Rai,37,85,16230,1,1
e35d9794-2ce7-4829-9459-358b97302386,Giada Sabatino,2,5,350,1,2
ec2f787b-83a4-45df-acd7-cccbdda3e468,Gim binti Hussain,5,14,370,1,2
cb7440fc-3457-4e1b-a151-23d97fd0e201,Gishi Seki,15,32,4935,0.67,3
b4f08163-2753-4b98-97c5-614ab149b67a,Giuseppina Fusco,2,2,175,1,2
cd45a7df-fbda-4816-9b8a-9877a19f3bb5,Giusi Ferrara,2,2,250,1,2
d67b95b3-5672-443b-8257-4f0f4c7e1113,Gladys Harrell,15,35,250,0.13,3
be9e03be-1867-4266-be15-2ea2fa4a69a4,Gonca Doğru,2,3,150,1,2
1c655210-8f7a-41f1-ba42-3e1dfb6b7800,Gorka Manzanares,14,38,1995,1,2
b8ca057d-2ac3-4d78-94ae-2aeb6c3fb775,Guiping Gai,1,1,200,1,2
1df12810-4496-4369-b6a6-cef9285e62b2,Guixiang Zang,1,4,75,1,2
d6cc968a-bee0-4339-8330-fc42fd5180ee,Gulsina Maslova,2,6,70,0.5,3
0495bca0-510f-4ebe-a4c8-49cc0ad5a543,Guojun Yue,1,1,70,1,2
dee470a9-f880-471d-ad0e-ba89e264f75a,Gustavo Aguirre,15,36,9440,1,2
8330348d-01e3-464c-a05e-d77bf1b05256,Gustavo Maia,2,7,200,1,2
4c60e652-13b9-4564-9902-15d6b62bab63,Guy Alberts,2,6,400,1,2
2a539623-53b0-4438-b4b2-cac1b29c95b4,Guzel Akhmetov,5,6,2700,0.4,3
4d7c5262-df0e-49a2-989b-0e8bf4115f26,Gülfidan Büyük,2,8,95,1,2
3141c3d0-cb55-4a0d-beef-ca433e20c275,Gülnaz Sözen,2,2,400,1,2
43052309-8383-48c6-a3ec-e318427055b2,Güner Bozdağ,2,12,2600,1,2
c84da668-84fe-476f-b092-0153ab98598f,Güven Berber,2,6,250,1,2
d66bec59-fe94-44bf-ad3a-ff77edc7b88a,Hailin Sue,2,6,1500,0.5,3
a944a2e5-59c9-4a9f-86c1-99dd3b1864e2,Halimah binti Selamat,2,5,0,0.5,3
2de226cc-d6a3-46e8-9eaa-8517ac2bdb23,Hamidah binti Kassim,5,14,720,1,2
946dd020-6795-415c-b581-0c485d649cd7,Haoran Leong,1,1,200,1,2
0bfbba98-0af7-4bc2-b927-6098fafa5ae5,Haris bin Taib,5,8,3370,1,2
e7270088-6958-4312-92e4-d4a2b19054ce,Hauke Schmidtke,28,64,9000,1,1
25479be9-c34b-40df-8f9d-106def563116,Haydar Mermer,2,7,300,1,2
b824d6f7-f20d-4928-b0ac-bccce677eb8f,Heinz-Joachim Bremer,28,67,10475,1,1
3ce7b13e-babb-4b80-a672-60a067f78c25,Heinz-Jürgen Thieme,28,70,11690,0.82,1
0bec7823-b198-4075-9b64-7b75c1da010b,Helena Chapman,46,93,25775,0.91,1
f17daf83-e882-481d-b26f-2c394ccdb933,Helma van Herk,2,12,1800,1,2
e92cfb88-1904-4625-8133-d213520fd723,Henning Reiß,28,54,8625,0.75,1
524b4cc3-98b4-47ce-93e2-3875d59b282b,Hester Prinsen,2,6,95,0.5,3
c3989cff-8d96-4868-9385-7ec5c2b99456,Hideji Asanuma,15,31,10525,1,2
93d5bea8-b869-4d53-9230-479edf2a3696,Hideo Yasui,22,59,11975,1,1
a6ebde08-db55-48be-9d62-36f0f843ea03,Hidetaka Miyata,22,61,12615,0.82,1
8111c797-8d65-41db-bae2-bc1528a2e3f4,Hilde Junge,22,59,5930,0.82,1
d4d5380d-32e6-4708-9f94-416bc9f12947,Hin Leow,2,2,1500,0.5,3
978b8cbc-893e-44f8-b38b-3589c62b51a0,Hironobu Ishigaki,15,29,6415,0.67,3
57cb9151-94e5-4459-81a8-80755747dbd4,Hiroto Kanamori,15,31,6050,0.4,3
4f1f40ce-8046-4656-8f06-69b59daf8604,Hongliang Fung,1,3,0,1,2
254b2c2f-fd58-4f67-a5c9-e4ac457e1f86,Horst-Dieter Wahl,28,70,9665,1,1
87c0c93d-ca5a-453f-9af8-e519127e2e2c,Hugo Linssen,2,2,375,1,2
520e7da6-ed93-4793-b4b6-c9b7d049d605,Hélio Albuquerque,2,2,575,1,2
ac317d52-3107-46ac-9ada-e1dffbb6f7b6,Ian van der Molen,2,4,325,1,2
0fa96eab-7e5c-405d-a7c1-b7d40153fd40,Ibrahim Wimmer,28,62,12195,1,1
7964787e-ecd8-4956-b555-67be13190857,Igor Khasanova,5,9,3075,1,2
71ea51fe-8a3b-42f6-857e-9ddfe16890ca,Ikbal Güney,2,6,275,1,2
75ed71d8-de99-4c34-a8d7-40c07a2c1c58,Iku Sekine,15,32,4975,0.73,3
d069b726-b880-4b52-ae12-fac31cff349e,Ilnaz Ermolenko,5,16,2740,1,2
b6095b11-ac1e-425d-9093-0a4ae726d5b1,Indira Latypova,2,10,250,1,2
9bf2ee6f-48f4-43a0-94d5-4374626bc143,Ingeborg van Engelen,2,2,2525,1,2
da343e5f-56ff-4e75-baa5-e1aafce9db88,Ingeburg Grabowski,28,58,4520,0.32,3
ee8ab538-c1ab-497a-b31b-419c2b14fb8a,Ingrid Eaton,46,114,26790,0.93,1
4d0a274e-4e4a-4be4-9351-3d18a4b7107d,Ingrid Engelmann,2,2,0,0.5,3
8ed7ef36-7381-4c51-b903-45dd283f8e50,Inocencia Padron,2,2,0,0.5,3
0d42aed3-0f92-4250-bd96-4e023ccb31ad,Intan Hashim,2,6,200,0.5,3
e9d90c19-8d91-4f2e-a1ad-c02b99fafc2f,Iraida Ponomareva,2,5,2500,0.5,3
fad2be35-3164-4cd9-bf24-d90d1837d664,Iraklis Kaloudi,2,5,75,0.5,3
f0fc4b58-dffe-47e7-b1e0-ca0506869c44,Irem Yazici,2,2,150,0.5,3
0be0e851-6689-45d8-a793-0c28441b5eea,Irena Anisimov,2,2,375,1,2
66e0a7cd-6c0f-4dfa-ab4e-d3a8dc5dd9d8,Irene Kent,46,88,17410,1,1
6268a609-4fde-4536-9cdc-5d81884f64de,Irina Schwab,22,38,10220,1,1
d5c87ec3-f591-4461-97f6-3a143bfe6619,Isabel Everts,2,6,500,1,2
9cb9eaeb-a505-43f9-944c-c1e95ea8638a,Isaú Mira,2,2,345,1,2
d60616aa-35eb-4f1a-a270-f02093d124f4,Ishak Sakarya,2,2,275,1,2
4515b7d1-e833-4486-a6dd-015a825ed336,Iskander Litvinova,2,5,25,0.5,3
a9ba4150-5f8a-4d1b-af83-f86a17ad3462,Ismael Barker,15,32,3390,1,2
6acebe66-7396-4c8e-8860-59d3d9218a31,Jaafar Yen,5,14,725,1,2
e7a793e5-ae50-46f8-a67e-cb1819c2bf44,Jackie Becker,15,28,8795,1,2
51cefbf0-e155-4c52-8004-c1f869629b32,Jackie Short,46,97,23100,0.91,1
0eb30799-431e-47bd-a9be-fb0692dd9104,Jaime Mota,2,2,220,1,2
074c5e77-1e80-4522-a0f5-fb037e8a378b,Jeanine Dekkers,2,8,1570,1,2
5b06d806-b466-4f79-8386-554f7c20e1d6,Jeffery Hooi,5,14,825,1,2
80c94eb4-01a7-420f-ae30-6d692f8e81fc,Jennifer Woodhead,37,94,15860,1,1
89950729-6de3-46aa-a39c-c08fe83ebe35,Jeremy Lyons,15,25,4910,1,2
33f04e8d-043f-45e5-9164-4376c94021d1,Jerome Blake,15,28,12690,1,2
5fe3b348-efbc-4644-8658-aec4089b3995,Jess Marco,14,21,7670,1,2
67e77849-6298-4a53-ba95-6acdfe3aba4c,Jianguang Linghu,1,1,100,1,2
30b307f6-e5df-4d1d-8350-8b6f091d0de1,Jianping Hong,1,5,95,1,2
09589a4b-b7db-4bd3-81b8-0644be2e4ff8,Jianrong Cha,2,2,3000,0.5,3
8076df7f-9897-470c-a322-2a566b3eb120,Jianxin Chuai,1,3,200,1,2
14bf45c5-b867-4738-9c58-41200f81963c,Jiasheng Xian,1,1,300,1,2
9c75b1db-208d-431d-8381-828bedb8e567,Jiaxin Di,1,4,100,1,2
4725aa8e-d690-4c9c-87bb-2a271030bc55,Jimmy Ko,2,2,3100,1,2
df932e29-7d81-4125-9878-f57fa85ee332,Jinfeng Yuan,1,1,1500,1,2
28489bed-1590-4835-8fd3-4d0b249329b5,Jingping Ye,1,1,150,1,2
a0246bf4-01e8-4259-9a83-8865a51c61bb,Jintao Ang,1,1,75,1,2
ed4f182e-5956-43eb-bb7e-a534cf427df0,Jitske Cox,2,2,525,1,2
bef55d08-aa84-4856-a543-613cda936694,Jocelyn Bray,46,100,13365,0.52,1
771de31c-6df5-4c5c-97bb-63374e012454,Johan Steenbergen,2,4,100,0.5,3
5f83b5f0-b485-4fc4-b365-560b811f64c6,Jose-Andres Jara,5,19,1195,1,2
349520a8-9590-4057-acc5-de52b5d4b806,Josh Whitman,2,2,150,0.5,3
226fde10-d7a0-4062-878e-76f0330ab2b6,Juanita Fay,14,29,2545,0.71,3
56b805db-c196-4c6c-ac51-eb09e609e69d,Judit Cuesta,5,9,1350,1,2
2ede05f0-b2fc-4c6f-bcc6-600543146fcf,Judy Dunlap,14,26,15040,1,1
aeaf8482-34fa-4827-9685-f99f1eea77e9,Julian van Andel,2,5,2500,1,2
c43d2679-958a-42f6-92a1-fbdb4cbf46f1,Junaidah bin Latif,2,6,245,1,2
5fa86dbb-be53-45b3-bdc2-ec0f4caaa6cc,June McLaughlin,46,96,14245,1,1
2d7c8a2c-f210-4f44-998a-6f41e60c7c86,Justin Doornbos,2,3,120,1,2
80ec207e-a0a6-4f71-8100-d6a972e69c95,Jéssica Simão,2,2,220,1,2
047e6c2b-5b28-4e89-beb1-1eaaf00993b1,Júlia Ali,5,7,250,0.2,3
e057e297-e94c-4859-9334-879ad9c7867e,Júlia Giraldo,5,6,3475,1,2
c69e658e-5c2d-4956-bbf9-3582b4438c1c,Kai Jamil,2,4,300,1,2
e2791f85-5139-40b5-8e2d-3211a7d904b3,Kaliopi Giannakos,2,5,250,0.5,3
356c1af5-7772-4bdd-b560-832a5838f4c9,Kalomoira Alexopoulos,1,1,150,1,2
48e278f4-049a-4801-be70-a00e91dc5985,Kamal Parkhomenko,2,2,225,1,2
71edb099-bc15-4785-85c8-fe1b5d0cf59e,Karin Drury,37,75,16940,0.86,1
9a432535-717f-4513-a2db-15987bdc136b,Kate Rusakov,5,11,3675,1,2
cc41cfc6-9f4d-45f1-b667-8bb735b37b1b,Katrina Heaton,37,74,21090,1,1
201566a9-26e7-4b5b-955c-97a244707cbe,Katsuko Sugimoto,2,8,200,0.5,3
89ff7f67-49ea-43b3-a1ac-bdf4847c0a49,Kayla Gorman,14,26,4950,0.64,3
170c547b-fd6e-40b5-ad19-01469990d491,Keith West,14,25,4045,1,2
50968d15-a8ae-43be-b656-c4b4b881d860,Kelly Watkins,46,110,7545,0.26,1
1413fd4c-d8e5-4ef5-9966-f37b46804a8c,Kenan Göçer,2,5,70,1,2
3fffec2a-e567-4194-a42b-d795d1f59215,Kenji Ohashi,22,41,9345,1,1
db7ecf27-bf40-4c45-9403-c8db5b344826,Kenji Tsuchita,15,29,7520,0.73,3
e2744020-a1e1-4f1e-a0ca-4a3ac770c8ff,Kenneth Philip,5,13,3100,1,2
a6e40c72-273b-4a45-8a9d-8a34b82f9b33,Khadijah bin Mustapa,5,6,6475,1,2
d6526af4-803e-4ce6-badb-746bfd398e73,Ki Muramatsu,15,43,3945,0.73,3
4a95ebbf-28ee-4420-82a6-0e15cfe7bdc8,Kiat bin Mohamad,2,5,75,0.5,3
6db64628-5ccc-43c4-b55a-7f6ef19059c7,Kitty de Waard,2,2,170,1,2
86955fdd-8fd1-4e5a-9117-c31d033a8154,Klearchos Delis,1,4,200,1,2
96c69d23-ecff-4dc4-a810-c31480478e98,Knut Barthel,22,56,9595,1,1
16c5854c-998e-4c6b-86dd-71734788dc21,Kok bin Abd Halim,5,13,2400,1,2
4796274a-1e03-4c06-9d85-2e52108a1302,Konstantin Vladimirovna,2,3,200,1,2
b08a53d0-8133-46fa-81b5-3f16c820e27e,Kooi binti Nayan,5,13,3315,1,2
35253587-2bc1-4b09-b5c4-52099333bd0b,Kornilia Giannouli,1,1,95,1,2
0d7feab5-257e-41d0-974f-767113a0aa5a,Koshi Ishiwata,15,36,8070,1,2
4cc93f06-6fa1-4ae7-b892-1cc2f99b798f,Kosmas Gkiokas,2,6,3150,1,2
67f2d41e-7907-4213-965f-553fa82400ba,Kotobuki Tono,15,23,8575,1,2
17ef4ed1-0750-45f2-bed6-5715844a1485,Koula Nikolopoulou,2,8,250,1,2
229f73d9-53a5-40b4-abc8-fd46552991fb,Kristi Harrington,15,25,6925,1,2
ef91d54e-30ce-4ddf-84d2-5ba7c87080b3,Kristina Konovalova,5,11,3175,1,2
fc7e143b-981c-43de-98d2-0be79241d4a4,Kujtim Koulouri,1,1,100,1,2
317862fb-f81b-4baf-b2c6-c8b2d2df6bf1,Kumi Masuyama,15,25,6045,0.73,3
493ee28f-a07c-4a52-8185-27969140954f,Kuniaki Nakao,15,39,95,0.13,3
fa3c1511-a5fb-4545-acb5-5659e3a7d672,Kurban Orekhova,2,8,1500,0.5,3
11f78ee5-4453-48cd-a16f-4ed1a6806db8,Kurt Eberhardt,2,4,150,0.5,3
aed9d051-afc4-4505-af20-59b9ebaf96bb,Lan bin Abdul Halim,5,8,100,0.4,3
4a49a817-2f47-46c0-9c16-7a835545b37e,Lana Zorin,2,7,145,1,2
5cb71906-8508-4740-8252-36ae51a4a883,Lanfranco Gagliano,2,4,200,0.5,3
fac0e60b-1285-43b1-b3c3-513d4c4e4192,Laoshi Zhuge,1,7,250,1,2
b1887aec-3554-45f1-95a0-07b6ffb97175,Lauro Carminati,2,8,300,1,2
37b06092-6892-4582-b355-84752f6c466b,Layuza Goncharova,5,11,725,1,2
67ff18fa-39b0-4c59-ad4a-820bf2fac106,Leendert Blom,2,2,1575,1,2
2e02d315-2a9a-4e5d-a5a8-d7fcf4e52aa0,Leny Gorter,2,2,400,1,2
33bedf17-fb30-42b7-b7a0-79c88ded6fdc,Lester Pitts,15,41,5985,1,2
8fabf80d-e0f3-4b8d-aea4-fc33e7dd0465,Leyla Pakhomov,2,8,3075,1,2
e944363a-58eb-4af9-864c-c5b02376486e,Lia Marchini,2,2,1650,1,2
ddd88f35-249f-4d0e-92fc-6dfea355b273,Liana Romanova,2,6,0,1,2
e3a88de4-73d8-4ff3-b450-2d62517c0733,Lili Malyshev,2,2,75,1,2
afef30db-fcbb-47fb-bb13-d5305a4a59c0,Lillian Le,14,36,765,0.43,3
c4825f54-303a-4333-9c19-3fb2b4a2c2f1,Linara Ponomarenko,2,2,225,1,2
f3de6c83-8ce4-4a89-9402-b35f866ba424,Litsa Deligianni,1,5,75,1,2
41e25aee-38b4-4517-a896-006102c003a8,Livia Tommasi,2,2,2600,1,2
9be340eb-e806-4e35-af79-af1b9a8e633f,Lixin Jiao,1,1,150,1,2
822a60a3-fb17-48fb-a61e-a9356a0d4cb2,Lluis Bonilla,5,19,520,1,2
d67932dd-ad69-47ac-a818-7839225f63c3,Lolita Fomina,5,9,300,0.4,3
41b23317-49f9-4206-aec5-814a25ec221b,Lorenzo Solana,5,11,1695,1,2
90998e85-e720-4eb8-b2b9-b8d67f55ab59,Louise Blevins,15,36,650,0.13,3
1e6dcb12-c8fd-4442-9c32-4d7986b504da,Louiza Katopodis,1,1,70,1,2
7bcd3bbb-9d81-4e0c-885b-6c9f54508fb3,Luciana Longoni,2,2,245,1,2
381773a2-b1b8-4a84-b065-5c6474ebb395,Ludger Steffens,28,64,13540,1,1
e0337433-d2fa-4388-9382-660dfff97c45,Lídia Salgado,2,6,1750,1,2
310f6fc0-a0d0-4fdd-8a65-0e643bc28ca5,Lúcia Beretta,2,5,245,1,2
ec69068b-68dc-43a5-b3ab-3a184baf69cd,Lütfi Uçak,2,5,175,1,2
2845fc55-e55a-4dad-b21b-7d73309b887f,Mabel Birch,37,79,17525,1,1
1daecb28-57b1-4141-b823-4762e2866c75,Macarena Diallo,14,35,8570,1,2
7a226677-a9ed-4632-b9c9-580063fe98d6,Mahani Phoon,2,2,5500,1,2
5aa6dbc3-7046-49cc-ba7a-54c4d9d441e6,Makhmud Zhuravlyov,2,6,5500,1,2
85792269-06d9-4afc-b604-b02d2dbbe7fe,Makka Bobrova,5,9,3775,1,2
491def1c-960c-4f61-ae4e-12964410f2ee,Makoto Shinbo,15,31,5245,1,2
5e5aec05-c5a2-4e38-b332-0e389b324026,Marcella Gallo,2,6,550,1,2
94ecc14c-352a-4f28-9a9f-2e51097d0205,Marcia Xavier,2,2,2600,1,2
dcd40ffc-6433-4a3d-8011-4ad6b9b4af9e,Marcia van den Brink,2,8,500,0.5,3
8d4a68ad-f263-4640-bfe5-e16773c3ad8a,Marcos Resende,2,2,295,1,2
12fe83d8-4259-4814-9bce-a02a154f9fde,Margaret Tee,5,9,745,1,2
cdbaf240-4616-4b7d-9c78-a7202df3624b,Margarida Bernardino,2,8,375,1,2
8bdc0067-3766-4235-b058-13dc94e52df8,Margarida Nascimento,2,8,3250,1,2
0f2a0553-d4db-4578-861e-9a1bacff8b06,Margot Bachmann,22,47,10120,1,1
d4d10831-eb76-4d53-8983-94e222968d06,Marguerite Dickinson,46,105,29190,0.93,1
de264656-5f7d-42d7-8fb6-ea1a6ba7012d,Maria Kudryashova,5,10,3295,1,2
c62718e0-69d7-4659-bd9c-b323ee6bbf98,Maria-Belen Riera,5,9,2195,1,2
9fde104b-413f-45c4-bc09-6da7bcde05a3,Maria-Emilia Matos,14,29,9240,1,2
ec0cef8e-adea-4cff-a62d-5c61d7e68a81,Maria-Gracia Rosell,5,7,3325,1,2
88d0ec9a-394a-4ead-97d4-0578487cd462,Marian Guardiola,14,32,3150,0.71,3
14e34885-52ab-4537-807d-394c938aeb64,Marie Stokes,14,32,6715,0.71,3
ab82e533-46ee-4d57-9efc-eabea4524a70,Marie-José van der Sluijs,2,7,200,1,2
893a5135-2262-46be-a869-8b322b787a03,Marie-Luise Wolters,22,55,10900,1,1
10a783a8-1467-4535-b114-a113b3eb3c72,Mariette Sikkema,2,4,1650,1,2
c40da0a2-4979-48b4-9a42-66ea6756612d,Marina Vesnina,5,12,5050,1,2
c3ff1ff9-e2a6-47fc-b8f9-8bc2684c8cce,Mario Raposo,2,2,400,1,2
02baf2b3-e74d-4d75-ae0c-953e270fc638,Marion Dreier,2,6,100,0.5,3
d1c7e7da-2e7d-492d-9010-5553f1b0ece4,Marisa Barreira,2,6,120,1,2
e7f9aba2-ebf4-43f5-a86d-2dda4ea0d7b9,Martha Götz,28,47,6040,0.75,1
d77036e0-3fec-48ce-83e8-aef453f0a1b5,Martin Coca,5,12,75,0.2,3
9d3c12f2-0d71-45a5-b154-c2255e2b29d3,María Garcia,14,32,15540,1,1
d093224c-c8aa-4972-9d7a-1fd090a6f925,Masahiko Itagaki,15,40,7020,1,2
202c9f52-cbbf-4463-8e32-db7e4ce9a0b2,Mashiko Ko,15,36,8270,1,2
eda3c9aa-a25b-4cc6-a302-e517083ec373,Mathew Boyle,37,84,16150,0.89,1
f48f2c72-d80a-4750-9e5f-5f35d6dac120,Mathias Paulsen,22,47,6190,1,1
49142203-3e95-473a-91bf-2f803a522e99,Mathieu Kramer,2,8,400,1,2
9e309753-981a-448c-a770-f48a3588d515,Matsuno Matsui,22,36,15475,1,1
0e200698-db26-4e96-9878-8d292bf935b0,Maura Antonelli,2,9,1500,0.5,3
101e7d25-77b8-40e1-b704-c425e86a0d5c,Maşallah Satilmiş,2,2,1525,1,2
1f9d84e3-df52-4a96-9726-c93be37bf7d2,Mei Beijing,2,8,150,0.5,3
e1924b5f-e7c4-47e2-929b-ab06fa95f9ad,Mei binti Kamal,5,13,595,0.4,3
f9565979-7d94-485e-878a-94e62f0315e6,Meike van den Bos,2,6,575,1,2
2d3c9a0d-0f25-4541-88a6-2812f7abfe5f,Meliha Çavuşoğlu,2,3,200,0.5,3
39de6051-4371-4b08-a702-3d1258777986,Melinda Flynn,14,30,5035,1,2
7db3f670-8330-49b1-887c-69938d279cdd,Melissa Peretti,2,2,75,0.5,3
022c166d-7442-4c96-97e6-5f054fddccb1,Menelaos Chatziioannou,1,1,1500,1,2
a1dafd3d-f7e3-4397-ba5d-af78a6e241bd,Meri Lebedeva,5,9,5975,1,2
197a8282-ad48-45d3-856e-04e7c13f8069,Meta Spijker,2,2,75,0.5,3
e1153393-33ca-4a6f-b7d6-d42af2fb6d5d,Michael Mari,14,32,3970,0.71,3
7cc4d5a9-f256-4077-92f6-c7322d09864e,Mihoko Hase,15,41,8925,1,2
58f5ee9e-9ab3-406b-8291-c9956076b49d,Mikio Fujimori,15,36,2770,0.4,3
b7a5fd7f-b9a0-45c8-8cdb-55d401c23fd0,Mingzhu Zuo,1,2,0,1,2
e7415b91-07d0-415f-b839-d1f9ea5f9da5,Mira Artamonov,5,8,825,1,2
63427b6d-ebb4-4165-b96f-16b9aad22118,Miranda Belloni,2,2,3500,1,2
1e16496d-b947-4297-bee9-b8fc4f07beea,Miren Menendez,5,8,2775,1,2
f21bef6f-7b9c-44a2-858a-2361fe850c8b,Miriam Gould,46,96,11860,0.5,1
1433b60b-4c76-42fc-ba73-7af78b34efa8,Misae Tani,15,36,545,0.4,3
68598956-863c-41fc-bf7a-57bc5ad61c75,Misao Ichikawa,15,32,9275,1,2
b49fe35a-4147-4b6a-a49e-e0241b68d4ba,Mityay Kononov,2,2,200,1,2
dc514b70-22c2-4288-9ada-4e7e8fb41845,Mizue Fukuchi,15,34,2200,1,2
e2a6ae90-c351-4339-a076-551038b47ecb,Mohammed Montero,5,17,5695,1,2
40b1626b-ca4d-42a6-8388-e3e24ee4656d,Mokhmad Sotnikova,5,14,275,0.4,3
68fed207-27de-4b28-80cb-484b8cbddaed,Momoe Yoshizawa,22,60,1870,0.27,3
0383f3de-e5b8-473c-be4a-3f393688af60,Monika Chioti,1,1,100,1,2
1d3be36c-716f-4120-a8a1-84589df84ed9,Moysis Thomas,1,3,200,1,2
f431fea2-1940-4986-bf75-28f6e0153652,Muharrem Akbulut,2,6,345,1,2
6fd797f8-d48a-439c-84df-3f31af7b600f,Mun bin Talib,5,11,100,0.2,3
167cc32a-30dc-46f1-8f61-1d4f978505f8,Muneo Tsukamoto,22,41,3445,0.27,3
6f4c1ea4-2ace-4f25-b386-3f1a576d7aa1,Murat Otte,22,45,6025,1,2
638cfdf3-4745-40df-9399-bef67caff279,Myron Simmons,15,28,925,0.4,3
676dcf06-ccf8-4149-a0b5-bda30b080c3d,Mümine Kurşun,2,2,3000,1,2
41b72168-3b7d-41f8-b47e-60ef0f359560,Münire Yağmur,2,6,275,1,2
494286b1-5c55-4d46-9548-79c72b759273,Mürüvet Yaprak,2,2,0,0.5,3
c76ab4b1-2494-410a-aef9-e28fe51ded85,Naci Ayvaz,2,4,300,1,2
af954fbb-672f-4e47-ada4-d879060d09c7,Naime Koçyiğit,2,5,450,1,2
72ccfc36-4731-4314-95a4-9c8c1566eee8,Natalie Rau,28,64,13070,0.86,1
31cf6261-1df2-47cf-8679-716f0c767769,Natalino Marcelli,2,10,95,1,2
40623ab2-11c1-46d4-bec7-79e2c5c15b56,Natasha Lam,2,2,125,1,2
fa5599aa-ef3b-4dc9-8d2c-250f4760cb1d,Natália Ochoa,2,4,75,0.5,3
e3ef6901-4ea1-4379-a256-072daa515f6e,Nekit Merkulova,2,3,300,0.5,3
001ca1b3-cb53-43b7-b0f0-95b2ea604193,Nellya Gorshkov,2,6,1575,1,2
2c8fb962-ca34-4a66-af99-f695ec198458,Nelson Alcazar,5,10,620,1,2
cafffdd6-0c12-4f81-8b8a-20b2dbf4fe35,Nicki Griffin,46,106,14225,0.93,1
1c1712c4-2ce0-4887-a0c9-60f62099088e,Nicole Bauer,28,70,8195,0.75,1
115056dd-654a-4319-aeec-a3a1fdbd8d27,Nicole Mateos,5,8,3625,1,2
c1b51173-7b57-4c4e-941d-7ffb606bdb81,Nikola Kornienko,2,6,75,0.5,3
00680c98-df9c-4107-8f98-1f162c112396,Nina Sultanov,2,2,300,1,2
74244531-62c6-424b-b57b-6c7c7f5f42cd,Noel Bird,46,88,27640,1,1
84514432-3976-4d6f-86f3-130ae0316e16,Norlaila bin Wahab,2,5,3000,0.5,3
8a6940eb-bef2-4a91-aeb8-2311c7202a02,Nuno Salvador,2,3,400,1,2
c963e507-f3a3-4117-b2e2-8f9e03e09337,Nunzio Mattioli,2,2,600,1,2
6417a77d-70ff-4532-9129-7f945a95d32c,Nurgül Durmuş,2,2,300,0.5,3
deac208e-e376-43fb-9e1f-a13008760c41,Nuria Ivanchenko,5,5,475,1,2
f5133520-a9ef-49b7-a908-eec3b278bf25,Nurin Ngah,5,14,620,1,2
7c17775c-613d-4997-b07b-e47c513008e9,Nurulhuda bin Abd Kadir,5,11,3170,1,2
41cb34dc-b139-4f20-aa80-0a4a3769c53d,Nélia Aguiar,2,5,3300,1,2
acfc6e66-aecd-480d-b9a7-b37585b9b529,Nélia Vitorino,2,5,0,0.5,3
5cceaf65-8413-4ef2-bb27-bb5206434e57,Octávio Saldanha,2,6,0,0.5,3
02a05cef-a8c7-4132-a6ea-b5b7141e98fe,Ofelia Huerta,5,13,695,1,2
0a35fdd4-9d11-407b-95b2-dce1da85f9ce,Oglou Tselios,1,7,2500,1,2
942101a1-62d1-42ad-a207-18759d141407,Olesenka Solovev,5,5,300,0.4,3
c6d429fb-0a23-47de-9f00-cb815b9e9b6b,Oliver Reimers,28,71,11565,1,1
8093b238-9466-4b55-8c45-84ccf60d22e3,Olivier Voortman,2,7,95,1,2
0d7e2ed0-24cc-4303-900a-3b36c8f98204,Orkhan Lukyanov,2,2,350,1,2
7d5f4b0d-9ce9-448a-a973-e8d3ebfed8d5,Osamu Hagihara,15,41,7090,0.73,3
d767e74c-4f99-4197-8d21-51c7b2bfcab2,Owen Bryan,15,33,5495,1,2
69e8c83e-f74f-4a3b-885c-ed815e572660,Oxana Plotnikova,5,9,3295,1,2
82dfe5b6-46f2-4f02-981f-7b3dc8256bc8,Panagiota Siskos,1,1,250,1,2
ff6adbff-52f2-4984-affa-80a183daef67,Panagioti Anagnostakis,1,1,3000,1,2
f6b4a5a2-cece-49c7-bde0-29cc57b3652d,Pasquale Carli,2,8,5500,1,2
1eac10eb-7575-4fda-8aec-baeeeb2c687c,Patty Hoogeveen,2,2,300,1,2
86b3e56f-e054-4554-826f-15087b431b42,Paul Karatza,1,7,100,1,2
644f0887-a7b4-4cf1-81bc-a05d5761b59a,Paula Rafael,2,2,100,0.5,3
8c228815-3d49-4d6b-bd68-8bd6b8b105a7,Paulina Salcedo,14,30,2445,0.43,3
be33f040-d6fe-4b2e-8090-cf9870453c10,Paulo Barroso,2,4,95,0.5,3
6ee84e76-ceda-45e8-91e0-c8b515d6589b,Pepe Monge,14,30,2500,0.07,3
ef86104f-590c-44da-bb7a-f431fafa94eb,Perry Jenkins,15,45,5875,0.73,3
d6439dfd-0874-4d58-901b-27c4fa72bf40,Peter Magalhães,2,2,170,1,2
9ea3ea19-f84f-411a-928a-23bc1d2e9921,Pia van den Heuvel,2,4,145,1,2
6cdb45ab-8747-4093-8f51-9ae15484f992,Pino D'Onofrio,2,4,270,1,2
6c7a8476-e8b8-4e36-a672-f7c5a7a40b5a,Priscilla Mansfield,37,88,26020,0.92,1
1a5517cb-8a81-41d0-b907-b95791db3b11,Qinghui Tam,2,9,200,0.5,3
aea77ba2-d206-42f4-9886-81b32af90406,Qiuhong Wu,1,5,250,1,2
2b1f0d89-7761-4e99-bfdc-4c7af90a0e60,Rachel Jacobs,2,6,100,0.5,3
4eed1a7b-351b-4f57-a694-b96f24387b37,Rachel Lewis,14,28,11475,1,2
1bc4a360-98ab-4eca-9361-552d6ca2b3fa,Radziah bin Kamaruzaman,5,8,3550,1,2
36c5a1e4-1710-42c4-a32d-2731e81bc81d,Rail Malysheva,5,9,745,1,2
b2b0dc55-e4e9-4a0f-814b-96952469f344,Ralf Nickel,28,53,13875,0.75,1
8ec511ab-4c0c-454d-9058-8cb7056ce191,Ralph Kellermann,22,39,100,0.05,3
c0bf5156-7e8c-40a7-adad-5fe2b2a04f80,Ramiz Ignateva,2,4,95,1,2
1736f380-7680-4fc6-9ec9-6017ed801829,Ramziya Sorokina,5,7,2570,1,2
00d15b23-649a-4279-94e8-f610cc7a3e08,Randy Anderson,14,23,3220,1,2
4677f085-5e70-4899-968b-e74adc8ff1b4,Ranjit Daly,37,65,15970,0.92,1
f57fc965-ed73-42f8-81a6-c991369c998e,Raquel França,2,3,275,1,2
b984ef71-f015-4f04-925f-cca3746aefc7,Rashid Evdokimov,5,14,2375,1,2
a6b18241-0170-4373-961b-58296d8a510a,Rasim Radchenko,5,16,2970,1,2
49dcaab0-0431-4dd6-8d55-b70f02a15e2a,Razali Arumugam,5,6,3375,1,2
2a1f9a19-05f8-4a7d-bfb9-fe309bf77816,Rehana Peters,37,91,15890,1,1
fb679ed9-4508-49c6-b14a-7ff47589c07e,Reinhard Meier,28,50,12270,0.71,1
3bef5b78-0fb1-492c-bf89-5e9da9b0d8c6,Reinhilde Schürmann,28,58,19850,1,1
04498b06-e6e8-4a11-91df-5e68455cefec,Renato Faustino,2,2,1500,1,2
a6d87529-b272-49da-9842-0471c88aa16c,Ricardo Carroll,15,45,5315,1,2
620da7d2-1f4d-4aca-8a47-a95fbb8581d0,Ricardo Conde,2,8,100,0.5,3
71e807e3-139b-4913-b74f-491956839134,Rich Willis,46,115,32090,1,1
6df0c330-5fff-4bfd-af20-b070c189a83d,Robert Sola,5,13,775,1,2
e921300b-94b0-4e2a-97f4-e41a8fdf8b11,Rocco Esposito,2,2,170,1,2
c7261769-cc97-49a9-bfc7-a82cb3b76be0,Roel Vrolijk,2,5,150,1,2
ac4eda6c-1d35-4473-b8e4-f91af5f05d38,Rolf de Rijk,2,5,2600,1,2
b0010e10-bfc0-4ada-bdd0-0063eaa20652,Rosana Pizarro,14,18,5295,1,2
fee7be8c-27e8-40fa-89de-e13b86dbc64f,Rosemary Lamb,15,34,4165,1,2
843c9639-71b1-4dbd-9fc2-b39fd5daa3a2,Rosie Welch,2,6,3000,0.5,3
84311229-77bd-4080-9192-7be5fb527349,Rosli bin Khairuddin,5,5,0,0.4,3
533fea4a-9a13-4fd8-8736-39d5392b61f7,Ruben Andreevna,2,8,3100,1,2
fa31f246-6586-4cbc-b296-f6d119c9c677,Ruben Araújo,2,4,3000,1,2
3932a5ce-dd19-4cab-94c1-3d3a700de82d,Rui Fontes,2,12,150,1,2
94182378-67ec-4668-a6d8-7b5b6577a5b3,Ruiping Fu,1,3,300,1,2
68a4e330-b69a-496c-b8e0-e9b1aed8103a,Rupert Blair,37,77,22250,1,1
08dd7384-1a93-42e6-81bb-710388f70652,Rushana Mikhaylova,5,18,3425,1,2
a778e236-0e2b-4c8c-8160-7eecda14e41d,Rute Vasconcelos,2,6,145,1,2
861a3f7e-cfc3-4256-9564-c17449de219e,Ryan Jenkins,46,93,13925,0.89,1
45d83ee8-e225-4394-92e0-a4d04dd40717,Rúben Seixas,2,6,1650,1,2
5c6cfc3f-e5fe-468a-bc9f-b2d79b8840cb,Sabina Schramm,28,62,15250,1,1
2febe874-c16f-4eb7-bafc-0723824efe0b,Sacha Schreuder,2,2,2750,1,2
f6f26934-5897-49b8-a844-420b0535f755,Sacramento Asensio,5,9,145,0.4,3
892ee288-d291-4aff-a48f-5ffe8149b9be,Sadayoshi Tsuruoka,22,42,14315,1,1
c0259e3a-168d-4947-8708-bf158f9655b7,Salome Delgado,5,15,2470,1,2
468fa03e-82fb-4915-af6e-d2e23820efc4,Sanechka Sharapova,2,6,5000,1,2
4850b978-38f2-421a-becd-973c21db412b,Santos Chen,5,7,5925,1,2
ef9a0580-eafb-4768-93d8-87a01ccb8d5b,Sarantis Vogiatzi,2,6,25,0.5,3
a0e25a40-5df5-4cff-a0ea-45f2f112552a,Sardana Tyurin,2,5,100,1,2
c8ba4344-8a73-476f-b1c9-c862717cace9,Sashka Radchenko,2,2,650,1,2
9341535c-c791-423d-95a5-a0f7e9671eb6,Saverio Gobbi,2,4,200,1,2
40e0cf31-f0bb-4aa3-b067-38a7e886277d,Sazali binti Baharudin,5,6,625,1,2
8aea85c4-74b6-4348-bc3c-be94fd0e0a94,Selahattin Altundağ,2,7,145,1,2
abd9f3d2-ce2e-4f0f-941f-3cc66a89b714,Semiha Kayikçi,2,4,170,1,2
33d7aa9e-cc8f-4b8b-b019-e392bd909435,Serafina Camacho,5,8,2120,1,2
587d5d88-97a5-4f42-a6cb-c5893daec378,Serafino Galletti,2,4,450,1,2
69821745-8477-4abd-a297-767832ea3c88,Servet Çirak,2,6,3300,1,2
ad5c893b-8611-4705-b056-dbdd2d7f68bd,Seçkin Yazgan,2,3,3070,1,2
ed87afa4-3bef-4916-8686-7825c6a1d03f,Shamsul bin Rahmat,2,6,175,1,2
802f9044-f815-4c50-a4ef-ec59591633ae,Shaohua Men,1,5,150,1,2
2d9b22b2-5df0-4af4-bf1e-838be582610d,Sharron Higgs,37,70,17850,1,1
97815626-02fc-42cb-a57a-07547a89b046,Sheri Benson,2,5,100,0.5,3
1be03e1d-6a43-43ef-bdf2-dc76c74c29ba,Shigeji Kumagai,15,41,4140,0.67,3
c6540a52-6aef-40a9-9361-656a838eb47f,Shimin Luo,1,1,2500,1,2
e35b8e99-896b-4cce-b284-fcc6c10ef2c8,Shinichiro Kawano,15,28,8095,1,2
8c414f32-ce8d-4e75-8ab4-7d2f82689c7c,Shinzo Akimoto,15,28,5960,1,2
68d89078-edff-4b66-b05a-3a30c597a5e2,Shiying Cun,1,1,300,1,2
73cb7e76-363d-4f17-b346-9d61614b9db1,Shizuo Deguchi,22,45,12005,0.82,1
74d320ca-f3fa-4d2f-889d-18af58f724a5,Shpresa Politou,1,1,25,1,2
2346f828-3992-4554-834a-437e084d166a,Shu Kinoshita,15,29,8775,1,2
d4af0c3a-00b4-47f0-a8a3-a046173c8b12,Sibylle Lerch,28,57,13645,0.86,1
6bba8154-e788-42a0-894d-629dde33c144,Sieglinde Bormann,22,60,2445,0.27,3
7c251a40-1af9-4c25-8a4a-35b136dcf31d,Siegrid Rühl,28,54,14545,1,1
e35c4844-888d-4a51-9230-74a679de5771,Siham Labrador,5,11,2600,0.4,3
e17a429c-5872-46a0-b041-8fad66f0f10d,Simela Papanikolaou,1,3,70,1,2
a769e6bc-6741-45ac-85fa-f7df529b8bf3,Simon Butler,2,5,2500,0.5,3
6ad69fb7-6ba5-4d5c-9cef-476fff0e2914,Simon van Oers,2,8,1700,1,2
e5e25d98-252a-476f-b507-da5d7c886c08,Simone Hulshof,2,2,220,1,2
4c8d3b00-0fde-4ea9-8c3e-b440823743b7,Sjoukje Walraven,2,3,220,1,2
01423a7c-d248-4142-ab7a-55ce9f769d7b,Socorro Huertas,14,40,4860,1,2
9c1f8d3d-7f4d-4faf-b37c-39d7cd638a54,Sofia Lino,2,2,375,1,2
92c94d84-d408-43f1-a063-13fda0abb729,Sofia Yakovleva,2,2,0,0.5,3
934c6ea5-be53-4a6f-b93f-0394ab8214f4,Sofya Shapovalov,2,2,500,0.5,3
c328cbc1-1c41-4e3d-a576-e9fd289aea8c,Soichi Komuro,15,39,7785,0.67,3
cb3034a9-afc6-488d-99ca-ae812984b73e,Sophia Lister,2,9,500,0.5,3
35ad876c-d7f6-46fd-aa77-89d7175bad82,Spencer Chappell,37,82,19530,0.92,1
f57255c8-3621-44b6-aa6b-6b86d70b3919,Spiros Ballas,2,8,200,0.5,3
b7259019-9b9d-4284-84d0-16f195235778,Stacy Huber,14,38,2090,0.43,3
5e75fadc-8fbb-4228-a2ba-aacba15ce38a,Stamatia Douka,1,1,150,1,2
c8f11682-e0c7-465a-a8f9-6e81de00207d,Stanislav Sedova,5,13,3825,1,2
7a08da09-b90f-4cf4-9387-8a3e2bd0d31c,Sue Welch,46,104,24435,0.91,1
3b139f4c-061d-41f0-8452-a25a9f480d51,Suleyman Bychkova,2,8,300,1,2
fc06fe07-1e5d-484f-99ce-4ea43319bb7c,Sultan Petrova,2,2,250,0.5,3
e9d30e13-4c5d-479a-a4c8-eb4b359dbc88,Suresh Au,2,6,250,1,2
29cd14ad-25f0-438f-bf03-36ff81d36c58,Suriati bin Mahmud,5,14,2345,1,2
a2fd12d6-a628-4357-9c88-5486811f8bab,Susana Custódio,2,7,175,1,2
0062f52d-10de-4f62-999a-9dbc33364d72,Suzana Loukas,1,1,150,1,2
92412168-f99c-4e0d-a457-c4ed3e499494,Svetlana Franco,5,8,350,0.4,3
4b1a1216-dd4c-43b9-80df-20db24d59728,Syarifah Wee,5,22,75,0.2,3
77934a0a-deac-4a64-94c8-7ccf6d48f47c,Tadaharu Okuyama,15,32,7425,1,2
7c176c76-91f1-476e-a54f-80de173dca01,Tadahiko Kawamoto,15,33,11840,1,2
84bbb328-18ff-4166-b9f8-a56bf7ce2d7d,Takehiro Nagahama,15,33,6210,1,2
5b05f18d-609e-4fb7-b533-9e0b08b1f75a,Takeyoshi Kase,15,34,6930,1,2
a283cd95-71aa-4979-aeb1-d7d5348d5cd7,Tami Fukuhara,15,19,6845,1,2
6e78795e-a622-44a4-ae19-3c43eeb1b891,Tammy Hawkins,37,79,1920,0.14,1
9fb91360-6f54-475d-8bbd-0ca5caf3d6fc,Tatsue Kubo,15,34,6495,1,2
92ff5101-72a1-44d8-897b-f179d63598b1,Tatyana Gromov,2,2,25,0.5,3
ddc07ecc-cdce-42ee-b5f3-ac19af27ece2,Taymuraz Fedoseeva,2,6,75,0.5,3
1bd8f9fe-64c5-478c-b8b5-3f058935b445,Teiichi Sakakibara,15,27,8920,1,2
5095fa9c-41bc-42ff-b990-5a331c327e6a,Teiji Shirai,15,37,5145,1,2
acaab0c8-3bf5-460c-b11f-718798782ed1,Teodoro Maestre,14,26,5370,0.71,3
73dacd51-88f8-4329-8287-d5dd4780061c,Terence Ellis,46,86,14485,0.59,1
c488fd23-7e10-449d-9f98-b3a98af76e13,Tereza Paraschou,2,6,300,0.5,3
cb87419c-f0ef-4a67-b67c-5644d0db6892,Terri Spence,46,97,4120,0.17,1
88033954-8a09-42a7-b088-98f89fe12437,Teruaki Umemoto,15,36,2225,1,2
06967be7-c82f-48b2-a8f5-3e072e476dff,Tetsuji Kobe,15,34,1015,0.4,3
b126898d-1fa7-4744-9e23-eacba31a778d,Thekla Bekas,1,1,200,1,2
c5478243-63d7-4f8c-83d0-ba0ac7432a1c,Themistoklis Oikonomidis,1,1,300,1,2
a307d1ca-171c-4026-8791-bf22689fe557,Theofania Zervas,1,1,75,1,2
94e05813-8488-469d-8a94-f1d70d06de55,Theresa Downs,15,34,3365,1,2
e7a7622f-0058-463c-a8a8-739322d8457d,Therese Langner,28,61,11195,1,1
83dc42b1-5ef5-4415-888c-b30ea646bd33,Tia Rosado,2,2,400,1,2
d20213a5-0158-4acc-8bd5-84e228298107,Tiffany Todd,46,97,28865,1,1
5c193e42-3711-4312-b417-1c07c016cec9,Timoleon Karampelas,2,4,275,1,2
dbe402ad-5050-483c-8b2d-bf6a6f62ceb6,Ting Hoe,5,7,845,1,2
e8ff834b-9b20-4ffb-b610-813a8baa02cc,Toby Dominguez,15,32,3850,0.67,3
219da214-347c-414e-9c68-cea76a5d7511,Tong Lei,1,5,1500,1,2
96174262-e166-4196-8534-10cefc64807b,Tongxue Nee,1,1,3000,1,2
9678bdbe-b60b-4e81-b734-1e1f20e062cf,Toshitaka Kawamura,2,3,70,0.5,3
961198cb-5e25-457c-a7c4-dce0dc0c073d,Tuba Yaman,2,2,100,0.5,3
b87d8ce6-526f-4a76-89d1-3fad9cbb4a66,Twan Verbeek,2,8,100,1,2
df5b8810-cdd5-408a-bd96-e23fee6f6f4e,Ugo Bosco,2,5,1800,1,2
4b2f1468-7f6d-435a-8e03-e44907c2eb91,Umeno Suyama,2,2,75,0.5,3
887b025e-b555-4f79-9aed-469026ede1be,Umi Liow,2,3,150,1,2
2b154cb3-1279-4bec-8806-e77adf45bbe7,Vahap Efe,2,2,2700,1,2
a0c6911f-a29d-4236-8ed0-9e17b9f9433d,Valéria Cipriani,2,6,3100,1,2
4abe919b-7814-473a-b70d-8cf38dbf12cb,Vanessa Magalhes,2,6,300,1,2
7fcd8090-5d1b-40df-bdb8-47db03a34fba,Vaska Alexeev,2,2,175,1,2
035a62c0-3f31-4044-a86e-85faed61bdfe,Venera Perini,2,2,325,1,2
bca29b40-20c7-4dac-a585-4148d95eceac,Victor Galvan,14,40,3400,0.43,3
7b8155e2-685c-44a1-9f1b-0798b04bb325,Vinicio Messina,2,8,700,1,2
25f22044-1b5b-4b70-8db8-4804945f2983,Vivian Schneider,15,28,3575,0.4,3
8691b280-818e-43b1-b0b8-3eab7c7eb6b9,Válter Guerrini,2,2,400,1,2
af0d789d-1f60-444e-8265-f586050d6667,Vítor Menezes,2,2,500,0.5,3
33ddff4a-fe21-4b28-8b36-73b60dac1fb1,Wai McLean,37,78,10945,0.76,1
76726ba4-666a-4b79-ba07-ccf0a370cce7,Wallace Gamble,15,31,5850,0.4,3
2eebaea2-23a1-4c60-ad64-6d9fea14aef0,Wanda Felici,2,2,1700,1,2
7b5c73bf-6ded-46a2-97f4-a97d4a97f72f,Wenfang Tan,1,1,3000,1,2
bddbdef2-88d6-4ba6-bd0e-1c7e3e46f637,Willie Geurts,2,6,150,0.5,3
bf79a16b-b217-4c41-9573-5c150147daa8,Willy Klinger,37,80,14445,0.76,1
be3d1a45-75f0-45ea-af09-a1a98c4d67d3,Wilson Soon,5,9,2520,1,2
8c33143d-8c0e-48fb-bef5-8a6fbeb42e80,Xenia Argyris,1,1,500,1,2
85d700d8-cecd-4520-a1ce-634bacef1428,Xianming Ban,1,2,250,1,2
0072d96d-50bd-4504-9cff-c36c7ebb501f,Xiaoting Zhai,1,1,0,1,2
e626269d-2703-49ef-8890-e2252e2075bc,Xiaoyu Hang,1,7,25,1,2
56deb415-a735-4ddb-a93a-6a3793af9515,Xinwei Ling,1,1,100,1,2
d03efda1-d15b-4925-a305-b7ba71e1565e,Xiulan Zan,1,1,500,1,2
c8b11035-2851-4ac8-94a5-0c7d0f21cda7,Xiuling Tina,1,1,1500,1,2
ec3f9a49-3acf-46ae-9006-1fe5168f7cc4,Xiurong Wong,1,1,2500,1,2
3abf5b59-00e0-407f-9f56-2a056619eeff,Xuan Wen,1,1,0,1,2
858dc34d-565a-4826-a88c-6e6c1dc2e8a7,Xudong Yip,1,4,3000,1,2
c65aa2c3-185d-4334-a6b7-6eebb6af2ab7,Xuejun Leng,1,1,2500,1,2
dfb56e81-9db4-4a25-8425-83b1d0828e7e,Yaşar Balkan,2,5,200,1,2
98b48861-52c5-475d-9be1-0f398fc82f26,Yiannis Karagiannakis,1,1,100,1,2
1f42705e-a1fa-467d-aea3-5686389e76d4,Yongbin Biao,1,1,200,1,2
ab9a5c16-cf37-41b0-b894-0d81b76acd31,Yordan Kechagia,1,5,0,1,2
8970330e-9095-4c6b-812f-4aba73fe4b4c,Yufei Se,1,1,75,1,2
2ed60c83-e9df-4260-9d95-bbaa214f194c,Yuichi Iwatani,15,29,3420,0.4,3
16ef6d72-5f40-4891-8ccd-c9d241050639,Yulin Chueng,1,1,95,1,2
c53d9c0a-10b7-4f8b-b0ab-9aef7311e918,Yusuf Vershinin,5,6,3645,1,2
53976c06-c1f2-4c7d-9576-cbcd315f3ad4,Yusup Abdurakhmanov,2,2,190,1,2
e837a3a6-7859-41c7-aa78-7e4321b8d3cf,Yvonne Andrews,14,33,6845,1,2
af723ca5-f594-4232-8902-bf5e9e5e0d63,Zalina Choo,2,2,2575,1,2
3e35b472-609b-479e-aa39-6edbbf1d86aa,Zampeta Paraskeva,1,1,75,1,2
32b61646-da70-4894-86f6-1b2bedf0a388,Zaurbek Nazarova,2,2,320,1,2
5e312d01-d340-46e8-98b3-6133b94f7333,Zehra Oğuz,2,8,1500,1,2
810565fa-fd07-4795-862f-412ccc472dd2,Zhenhua Chong,1,2,100,1,2
3dab7953-a990-4dbe-b4ae-804e9c0ec7d0,Zhiguo Jia,1,1,200,1,2
3a51e15b-df4f-4e5e-b727-30b7c3cd335c,Zhihao Qiong,1,1,150,1,2
8787edfa-fd1a-4e98-bb95-a669494605ba,Zhonghua Bi,2,4,2500,0.5,3
d0672b3a-1461-436a-a33c-e197e167c357,Zi bin Mat,2,6,2500,0.5,3
a31d2751-ede8-4c17-97a9-181eff7552f4,Zihao Tse,1,5,0,1,2
b5a2e504-5906-48b3-9ddf-aea3f915f95e,Zlata Lobanov,2,2,250,0.5,3
20bdc8b7-c14d-4d1e-808c-4832ec6ed0a1,Zoitsa Terzis,1,1,0,1,2
ad0b9b9b-fa74-4e0e-90f8-ccb04e25996e,Zu Kalinina,2,2,200,0.5,3
92556e46-ce4e-4095-9df2-ad52b2dc96ea,Zulya Filatova,5,9,225,0.4,3
013e71ee-3ae4-4beb-ae0d-fb8dccde7147,Ömer Uzun,2,2,250,0.5,3
d7662769-4e11-472a-a711-126e03434b26,Ümran Kaynar,2,2,0,0.5,3
8360adfd-e54e-49cb-8b5a-d93a77f17f75,Şefik Yılmazer,2,2,100,1,2
a7591ece-b5eb-4720-80ca-7a6a2525130b,Şener Tümer,2,6,125,1,2
1cbecfd3-be03-422e-894b-ba4ba1a75277,Şerife Gülen,2,5,1500,1,2
a6ad8f3d-885c-43a1-885f-b651507eda01,Şinasi Baş,2,2,2600,1,2
